"adult","backdrop_path","genre_ids","id","original_language","original_title","overview","popularity","poster_path","release_date","title","video","vote_average","vote_count"
"False","/r2GAjd4rNOHJh6i6Y0FntmYuPQW.jpg","[12, 28, 53]","370172","en","No Time to Die","Bond has left active service and is enjoying a tranquil life in Jamaica. His peace is short-lived when his old friend Felix Leiter from the CIA turns up asking for help. The mission to rescue a kidnapped scientist turns out to be far more treacherous than expected, leading Bond onto the trail of a mysterious villain armed with dangerous new technology.","242.496","/iUgygt3fscRoKWCV1d0C7FbM9TP.jpg","2021-09-29","No Time to Die","False","7.5","4060"
"False","","[99]","158282","en","1,99 - Um Supermercado Que Vende Palavras","Different costumers shop in a supermarket that sells words and ideas.","1.188","/6efZcBxWXCXeTDGIlvbKySJpZGd.jpg","2003-11-18","1,99 - Um Supermercado Que Vende Palavras","False","5","8"
"False","/qqHQsStV6exghCM7zbObuYBiYxw.jpg","[18]","389","en","12 Angry Men","The defense and the prosecution have rested and the jury is filing into the jury room to decide if a young Spanish-American is guilty or innocent of murdering his father. What begins as an open and shut case soon becomes a mini-drama of each of the jurors' prejudices and preconceptions about the trial, the accused, and each other.","18.992","/wh0f80G6GZvYBNiYmvqFngt3IYq.jpg","1957-04-10","12 Angry Men","False","8.5","6416"
"False","/nFtkNsd01rYZMQGyZJos2pagOHD.jpg","[18, 10749, 80]","1280","ko","빈집","A young man, whose only possession is a motorcycle, spends his time riding around the city looking for empty apartments. After finding one, he hangs out for a while, fixing himself something to eat, washing laundry or making small repairs in return. He always tries to leave before the owners get back but in one ostensibly empty mansion he meets the abused wife of a rich man and she escapes with him...","16.99","/hr8ghKbdo3UGUROYafpN38Sohfe.jpg","2004-10-15","3-Iron","False","7.8","888"
"False","/c59jI0WaKoIffuoLG8iB8L4Z9xM.jpg","[18]","2009","ro","4 luni, 3 săptămîni și 2 zile","Two college roommates have 24 hours to make the ultimate choice as they finalize arrangements for a black market abortion.","6.684","/pcpPPNipfPhczHO8hlRUSayvoFh.jpg","2007-08-24","4 Months, 3 Weeks and 2 Days","False","7.5","542"
"False","/etBZfuOie3uODTKTV5xnbAKB4Fr.jpg","[35, 18, 10749]","19913","en","(500) Days of Summer","Tom, greeting-card writer and hopeless romantic, is caught completely off-guard when his girlfriend, Summer, suddenly dumps him. He reflects on their 500 days together to try to figure out where their love affair went sour, and in doing so, Tom rediscovers his true passions in life.","51.75","/f9mbM0YMLpYemcWx6o2WeiYQLDP.jpg","2009-07-17","(500) Days of Summer","False","7.3","8374"
"False","/bUkozJfKfEwVMzCIiRbN9FXcNXF.jpg","[18]","268536","en","A Master Builder","A successful, ego-maniacal architect who has spent a lifetime bullying his wife, employees and mistresses wants to make peace as his life approaches its final act.","4.76","/8j8hI2QPnNH49oXB1dGyy8ivuTM.jpg","2013-11-11","A Master Builder","False","6.1","16"
"False","/AoWW2J4PoDe0IPuCVQOk50QFS4D.jpg","[18]","16804","ja","おくりびと","Daigo, a cellist, is laid off from his orchestra and moves with his wife back to his small hometown where the living is cheaper. Thinking he’s applying for a job at a travel agency he finds he’s being interviewed for work with departures of a more permanent nature – as an undertaker’s assistant.","10.059","/mms4nMZuPYOyEengRxCaEk7SXMd.jpg","2008-09-13","Departures","False","7.9","622"
"False","/oPxTkDKK2NcHcAEADATWiXKOkFw.jpg","[53, 18, 27]","63311","es","La piel que habito","A brilliant plastic surgeon creates a synthetic skin that withstands any kind of damage. His guinea pig: a mysterious and volatile woman who holds the key to his obsession.","55.514","/wlTHU4M3Hmkxntnfv4iVMeMnPg2.jpg","2011-08-17","The Skin I Live In","False","7.5","3490"
"False","/Nb6eUFJ1pxwT8MHAeSSyLypvQb.jpg","[80, 53]","506815","en","A Violent Separation","1983. In a quiet Midwestern town, a young deputy covers up a murder at the hands of his brother triggering a series of events that sends them and the victim's family towards a shattering climax.","7.424","/yNlLMfrfPExwqLZSOFbqmkawIpg.jpg","2019-05-17","A Violent Separation","False","7.2","64"
"False","/1PGVypqlfhYQtIBKZoncHIrS7U5.jpg","[28, 12]","40044","en","Tarzan Finds a Son!","A young couple die in a plane crash in the jungle. Their son is found by Tarzan and Jane who name him Boy and raise him as their own. Five years later a search party comes to find the young heir to millions of dollars. Jane agrees, against Tarzan's will, to lead them to civilization.","8.397","/a3131MsWF9Z9vAez0ojB5JfRVtk.jpg","1939-06-16","Tarzan Finds a Son!","False","6.2","68"
"False","/2kj6FOo0B9NtCen1Ta7LoaPW9wG.jpg","[18, 878]","585378","en","After Yang","When his young daughter's beloved companion — an android named Yang — malfunctions, Jake searches for a way to repair him. In the process, Jake discovers the life that has been passing in front of him, reconnecting with his wife and daughter across a distance he didn't know was there.","12.02","/qjEuDeKOhA7JqaaqhLSfoS9titb.jpg","2022-03-04","After Yang","False","6.6","64"
"False","/yJyZRrXaYUjhOrJGga8awbw4Rud.jpg","[12, 14, 10749, 10751]","420817","en","Aladdin","A kindhearted street urchin named Aladdin embarks on a magical adventure after finding a lamp that releases a wisecracking genie while a power-hungry Grand Vizier vies for the same lamp that has the power to make their deepest wishes come true.","78.156","/ykUEbfpkf8d0w49pHh0AD2KrT52.jpg","2019-05-22","Aladdin","False","7.1","8565"
"False","/oZbLtVbpNFmDa58woYqHBpHDxwt.jpg","[18]","73873","en","Albert Nobbs","Albert Nobbs struggles to survive in late 19th century Ireland, where women aren't encouraged to be independent. Posing as a man, so she can work as a butler in Dublin's most posh hotel, Albert meets a handsome painter and looks to escape the lie she has been living.","7.678","/68fdlvmqTWGC2y5nGXQE5RfgNB5.jpg","2011-12-21","Albert Nobbs","False","6.3","376"
"False","/iPWbKty4Ktj9LU8tb5zghRBBFfr.jpg","[18, 36, 9648, 53]","891","en","All the President's Men","During the 1972 elections, two reporters' investigation sheds light on the controversial Watergate scandal that compels President Richard Nixon to resign from his post.","12.935","/ruURnC7qLRtSnTV1vygcoEPzeYK.jpg","1976-01-18","All the President's Men","False","7.7","1393"
"False","/4PD0Kc4BGYrYrziCwUPHnESSabZ.jpg","[18, 10749]","24684","en","An Education","Despite her sheltered upbringing, Jenny is a teen with a bright future; she's smart, pretty, and has aspirations of attending Oxford University. When David, a charming but much older suitor, motors into her life in a shiny automobile, Jenny gets a taste of adult life that she won't soon forget.","9.002","/gLIvvUdlocGjm8XVLxhWHAKWrRq.jpg","2009-10-29","An Education","False","6.9","1078"
"False","/yUpjIIpoKDEacUIPaO9VW5rz0S0.jpg","[18, 36, 53]","61891","en","Anonymous","Set against the backdrop of the succession of Queen Elizabeth I, and the Essex Rebellion against her, the story advances the theory that it was in fact Edward De Vere, Earl of Oxford who penned Shakespeare's plays.","9.441","/vArgTEbIPVclxhfdLubLwOYfVKG.jpg","2011-10-21","Anonymous","False","6.4","612"
"False","/wAbZ47Tm1EdrugJCTBdYCjYCqIP.jpg","[35]","24243","pt","As Melhores Coisas do Mundo","Everyday family life as perfectly normal madness. “As Melhores Coisas do Mundo“ follows a few days in the life of the 15-year-old Mano, who is fighting on two fronts: his parents have just got divorced and he is going through puberty. Mano tries to make his way through life, with its first sexual experiences, his depressed brother and his self-centered parents. It’s a humorous homage to the pitfalls of daily life and the diversity of life.","2.143","/jdwlYFpObdJyCmib6oFEBblDpsu.jpg","2010-05-22","The Best Things in the World","False","6.4","49"
"False","/7RyHsO4yDXtBv1zUU3mTpHeQ0d5.jpg","[12, 878, 28]","299534","en","Avengers: Endgame","After the devastating events of Avengers: Infinity War, the universe is in ruins due to the efforts of the Mad Titan, Thanos. With the help of remaining allies, the Avengers must assemble once more in order to undo Thanos' actions and restore order to the universe once and for all, no matter what consequences may be in store.","260.137","/or06FN3Dka5tukK1e9sl16pB3iy.jpg","2019-04-24","Avengers: Endgame","False","8.3","21020"
"False","","[18]","46647","pt","Baixio das Bestas","A man falls in love with a teenage girl, who is exploited by her own grandfather, who sometimes takes her to a gas station to show her naked to whomever pays him some money.","1.697","/sOkGy5yg5jSJJvmSuKDddUqzmkd.jpg","2006-12-12","Bog of Beasts","False","5.1","24"
"False","/8eR74PHvVlG1SKYUvmT1nAEi7VU.jpg","[18, 53]","16876","en","Bang Bang You're Dead","A troubled and bullied high school student fights against judgement from his community after threatening to bomb the football team.","7.84","/647kfvUPkDBXtIHQEhInJR2LUyX.jpg","2003-06-11","Bang Bang You're Dead","False","7.1","118"
"False","/vy5bKKjcdws80nF9xSCeuXqOyuL.jpg","[18]","451915","en","Beautiful Boy","After he and his first wife separate, journalist David Sheff struggles to help their teenage son, who goes from experimenting with drugs to becoming devastatingly addicted to methamphetamine.","18.363","/zuw4QtOpOO0Ib1f866SG9WmduMN.jpg","2018-10-12","Beautiful Boy","False","7.5","1857"
"False","/lNCfjI6DOD4huCyBvbzBxflX2M5.jpg","[10749, 10751, 16, 14]","10020","en","Beauty and the Beast","Follow the adventures of Belle, a bright young woman who finds herself in the castle of a prince who's been turned into a mysterious beast. With the help of the castle's enchanted staff, Belle soon learns the most important lesson of all -- that true beauty comes from within.","87.737","/7oCAPOphDKpIaxTrnukmDrZ8XKD.jpg","1991-10-22","Beauty and the Beast","False","7.7","8411"
"False","/4KLlHifB1kgMtWl3YnY8JinOj65.jpg","[18]","777270","en","Belfast","Buddy is a young boy on the cusp of adolescence, whose life is filled with familial love, childhood hijinks, and a blossoming romance. Yet, with his beloved hometown caught up in increasing turmoil, his family faces a momentous choice: hope the conflict will pass or leave everything they know behind for a new life.","18.949","/3mInLZyPOVLsZRsBwNHi3UJXXnm.jpg","2021-11-12","Belfast","False","7.2","713"
"False","/4jz7JAgU3DQoQhZTDal6o2odg3Y.jpg","[80, 18]","898","en","Birdman of Alcatraz","After killing a prison guard, convict Robert Stroud faces life imprisonment in solitary confinement. Driven nearly mad by loneliness and despair, Stroud's life gains new meaning when he happens upon a helpless baby sparrow in the exercise yard and nurses it back to health. Despite having only a third grade education, Stroud goes on to become a renowned ornithologist and achieves a greater sense of freedom and purpose behind bars than most people find in the outside world.","11.002","/1Gd4ABvQdHbC1xWavR2U5YotjRV.jpg","1962-07-04","Birdman of Alcatraz","False","7.5","217"
"False","/sN0czEtCT1jEFQVajWBsKwdFBKm.jpg","[18, 9648, 878, 53]","8338","en","Blindness","When a sudden plague of blindness devastates a city, a small group of the afflicted band together to triumphantly overcome the horrific conditions of their imposed quarantine.","12.453","/deBsx5IxyqCC217j3VY24TkkE0Z.jpg","2008-05-14","Blindness","False","6.5","1043"
"False","/4EmqMRZdkH5axkhXsIvE6n9z2Cc.jpg","[18]","4995","en","Boogie Nights","Set in 1977, back when sex was safe, pleasure was a business and business was booming, idealistic porn producer Jack Horner aspires to elevate his craft to an art form. Horner discovers Eddie Adams, a hot young talent working as a busboy in a nightclub, and welcomes him into the extended family of movie-makers, misfits and hangers-on that are always around. Adams' rise from nobody to a celebrity adult entertainer is meteoric, and soon the whole world seems to know his porn alter ego, ""Dirk Diggler"". Now, when disco and drugs are in vogue, fashion is in flux and the party never seems to stop, Adams' dreams of turning sex into stardom are about to collide with cold, hard reality.","15.232","/wnE24UPCPQsQnbBOu4zVE2qaDNm.jpg","1997-10-07","Boogie Nights","False","7.6","2489"
"False","/qx9ts2hBYJrkIQxhryitxnLlm2u.jpg","[16, 12, 35, 10751, 28, 14]","62177","en","Brave","Brave is set in the mystical Scottish Highlands, where Mérida is the princess of a kingdom ruled by King Fergus and Queen Elinor. An unruly daughter and an accomplished archer, Mérida one day defies a sacred custom of the land and inadvertently brings turmoil to the kingdom. In an attempt to set things right, Mérida seeks out an eccentric old Wise Woman and is granted an ill-fated wish. Also figuring into Mérida’s quest — and serving as comic relief — are the kingdom’s three lords: the enormous Lord MacGuffin, the surly Lord Macintosh, and the disagreeable Lord Dingwall.","78.036","/L6qqU6Q3k4MmPojncNbT43FSTL.jpg","2012-06-21","Brave","False","7","11523"
"False","/12M3SvYO4WMdlXCajWklz1zUAly.jpg","[53, 18]","296098","en","Bridge of Spies","During the Cold War, the Soviet Union captures U.S. pilot Francis Gary Powers after shooting down his U-2 spy plane. Sentenced to 10 years in prison, Powers' only hope is New York lawyer James Donovan, recruited by a CIA operative to negotiate his release. Donovan boards a plane to Berlin, hoping to win the young man's freedom through a prisoner exchange. If all goes well, the Russians would get Rudolf Abel, the convicted spy who Donovan defended in court.","15.911","/bORlvwnVJE1Z6yIg96qnLLY3LJQ.jpg","2015-10-15","Bridge of Spies","False","7.2","5917"
"False","/hrMbAi9fPTmc6EtpyyAgDKznptu.jpg","[10749, 18]","398818","en","Call Me by Your Name","In 1980s Italy, a relationship begins between seventeen-year-old teenage Elio and the older adult man hired as his father's research assistant.","86.724","/gXiE0WveDnT0n5J4sW9TMxXF4oT.jpg","2017-09-01","Call Me by Your Name","False","8.2","10206"
"False","/1p6cMqrxwLjTHmruMCWfpbTAxvt.jpg","[18]","517814","ar","کفرناحوم","Zain, a 12-year-old boy scrambling to survive on the streets of Beirut, sues his parents for having brought him into such an unjust world, where being a refugee with no documents means that your rights can easily be denied.","13.541","/cqkqrIDzvkFRWVbRRQLqtkXQoPu.jpg","2018-09-20","Capernaum","False","8.2","1275"
"False","/gDekB0OnIYbKhqzzdArfSQpcAvH.jpg","[18, 53, 10749]","267","es","Carne trémula","A scorned ex-convict forces himself into the lives of the couple who put him behind bars.","8.49","/7YPGYeamF6AuyxhKqbd5oNKKCCy.jpg","1997-10-10","Live Flesh","False","7.1","506"
"False","/j2ZvLJyz163MlmBFsoaDYOwxgws.jpg","[12, 14, 16, 28, 10751, 10749]","10515","ja","天空の城ラピュタ","A young boy and a girl with a magic crystal must race against pirates and foreign agents in a search for a legendary floating castle.","38.121","/npOnzAbLh6VOIu3naU5QaEcTepo.jpg","1986-08-02","Castle in the Sky","False","8","3166"
"False","/9dsOweKYJ6XAJteBIKEGOI0T2bf.jpg","[35, 18, 10749]","2255","en","Chasing Amy","Holden and Banky are comic book artists. Everything is going good for them until they meet Alyssa, also a comic book artist. Holden falls for her, but his hopes are crushed when he finds out she's a lesbian.","10.142","/eFhPqkNmRDfRHyQiUzUdoQjpwgh.jpg","1997-04-04","Chasing Amy","False","6.8","1085"
"False","/2lw4O1QOnJIVYaLrVuQyjtjwOuN.jpg","[18, 878]","83542","en","Cloud Atlas","A set of six nested stories spanning time between the 19th century and a distant post-apocalyptic future. Cloud Atlas explores how the actions and consequences of individual lives impact one another throughout the past, the present and the future. Action, mystery and romance weave through the story as one soul is shaped from a killer into a hero and a single act of kindness ripples across centuries to inspire a revolution in the distant future.  Based on the award winning novel by David Mitchell. Directed by Tom Tykwer and the Wachowskis.","20.461","/amNMifaMEd0FBOR289OcnRAJjTI.jpg","2012-10-26","Cloud Atlas","False","6.9","6123"
"False","/iIvtWOkRgzprh6PRPEdnEcwGyM0.jpg","[16, 35, 10751]","22794","en","Cloudy with a Chance of Meatballs","Inventor Flint Lockwood creates a machine that makes clouds rain food, enabling the down-and-out citizens of Chewandswallow to feed themselves. But when the falling food reaches gargantuan proportions, Flint must scramble to avert disaster. Can he regain control of the machine and put an end to the wild weather before the town is destroyed?","50.995","/qhOhIKf7QEyQ5dMrRUqs5eTX1Oq.jpg","2009-09-17","Cloudy with a Chance of Meatballs","False","6.6","4880"
"False","/2Dma33SmE4qAiEcOyjf5iw9FpFc.jpg","[18, 53, 878]","39538","en","Contagion","As an epidemic of a lethal airborne virus - that kills within days - rapidly grows, the worldwide medical community races to find a cure and control the panic that spreads faster than the virus itself.","21.02","/qL0IooP0bjXy0KXl9KEyPo22ll0.jpg","2011-09-08","Contagion","False","6.6","5110"
"False","/7NCV6otyNp0hhGzaOc4PMRQoC55.jpg","[]","139848","fr","De la servitude moderne","The central objective of this film is to reveal man’s condition as a modern slave within the context of the totalitarian mercantile system and to show the forms of mystification which mask his servile condition. Its aim is to attack head on the dominant world organization.  The film is composed of imagery appropriated primarily from commercial movies and documentaries.","1.117","/tDEhECxclyauNFJepqJIrxQhSI1.jpg","2009-01-01","De la servitude moderne","False","8.7","3"
"False","/jHwASc8hBtdfRGUmxS6pq5mHiyN.jpg","[18, 36]","152532","en","Dallas Buyers Club","Loosely based on the true-life tale of Ron Woodroof, a drug-taking, women-loving, homophobic man who in 1986 was diagnosed with HIV/AIDS and given thirty days to live.","15.633","/pgOnF0bPtgX0bQ5SeheJG2kOaLT.jpg","2013-11-01","Dallas Buyers Club","False","7.9","7319"
"False","/mg7AB0klHnrFYtcmPGjGf27tasK.jpg","[99]","104153","en","Dancing with the Devil","Rio de Janeiro. September, 2008. Three men stalk the gloomy back-alleys of the city's notorious slums. Spiderman, a 28-year-old drug lord, embarks on a routine patrol through the shadowy streets of Coréia, the sprawling slum he controls. Inspector Leonardo Torres, a muscle-bound operative from Rio's drug squad, inches through the alleys of another shantytown, shots ringing out around him. And Pastor Dione, an evangelical preacher intent on ending Rio's drug conflict, trawls the slums for lost souls. With unprecedented access to some of Rio's most wanted men, Dancing with the Devil in the City of God tells the story of Rio's drug war through the eyes of three men locked into one of the bloodiest urban conflicts on earth. Written by Jon Blair and Tom Phillips","1.582","/4Nu9vw5bCz7DIdpVioq3051Uz9J.jpg","2009-01-01","Dancing with the Devil","False","5.4","8"
"False","/3mxteiwtcCPjbYKlyC0WxY1G9J3.jpg","[18, 53]","582","de","Das Leben der Anderen","A tragic love story set in East Berlin with the backdrop of an undercover Stasi controlled culture. Stasi captain Wieler is ordered to follow author Dreyman and plunges deeper and deeper into his life until he reaches the threshold of doubting the system.","9.668","/bCywq0RkrdI2qzhPNuuJ9PvGuzd.jpg","2006-03-15","The Lives of Others","False","8.1","2903"
"False","/frYaBZwQlmYNrulugOmtOEh9d6H.jpg","[18]","74308","en","Detachment","A chronicle of three weeks in the lives of several high school teachers, administrators and students through the eyes of substitute teacher, Henry Barthes. Henry roams from school to school, imparting modes of knowledge, but never staying long enough to form any semblance of sentient attachment.","15.817","/2uvZbXzhd3bMakRXiZpO1Kd6Ho3.jpg","2011-04-24","Detachment","False","7.6","1111"
"False","/nDP33LmQwNsnPv29GQazz59HjJI.jpg","[28, 12, 14]","447404","en","Pokémon Detective Pikachu","In a world where people collect pocket-size monsters (Pokémon) to do battle, a boy comes across an intelligent monster who seeks to be a detective.","110.385","/wgQ7APnFpf1TuviKHXeEe3KnsTV.jpg","2019-05-03","Pokémon Detective Pikachu","False","7","5610"
"False","/wXzdoMyLYvz7AoXPGx5STZ1XZDd.jpg","[14, 35, 12]","1832","en","Dogma","The latest battle in the eternal war between Good and Evil has come to New Jersey in the late, late 20th Century. Angels, demons, apostles and prophets (of a sort) walk among the cynics and innocents of America and duke it out for the fate of humankind.","10.611","/oxhHl2YokTqcP44QK5tiTgjgLgk.jpg","1999-11-12","Dogma","False","6.9","2014"
"False","/nvxrQQspxmSblCYDtvDAbVFX8Jt.jpg","[35, 18, 878]","646380","en","Don't Look Up","Two low-level astronomers must go on a giant media tour to warn humankind of an approaching comet that will destroy planet Earth.","102.981","/th4E1yqsE8DGpAseLiUrI60Hf8V.jpg","2021-12-07","Don't Look Up","False","7.2","5428"
"False","/8eLXy49T36e0e1YhYvUQOCXNRhm.jpg","[14, 18, 9648]","141","en","Donnie Darko","After narrowly escaping a bizarre accident, a troubled teenager is plagued by visions of a large bunny rabbit that manipulates him to commit a series of crimes.","26.28","/fhQoQfejY1hUcwyuLgpBrYs6uFt.jpg","2001-10-24","Donnie Darko","False","7.8","10386"
"False","/3RMLbSEXOn1CzLoNT7xFeLfdxhq.jpg","[10749, 16]","372754","ja","同級生","Rihito Sajo, an honor student with a perfect score on the entrance exam and Hikaru Kusakabe, in a band and popular among girls, would have never crossed paths. Until one day they started talking at the practice for their school’s upcoming chorus festival. After school, the two meet regularly, as Hikaru helps Rihito to improve his singing skills. While they listen to each other’s voice and harmonize, their hearts start to beat together.","11.145","/cIfRCA5wEvj9tApca4UDUagQEiM.jpg","2016-02-20","Dou kyu sei – Classmates","False","8.6","228"
"False","/bbW0IzXz4Qbjqz1Y0vIX9lDWuV1.jpg","[10749, 18]","172533","en","Drinking Buddies","Weekend trips, office parties, late night conversations, drinking on the job, marriage pressure, biological clocks, holding eye contact a second too long… you know what makes the line between “friends” and “more than friends” really blurry? Beer.","8.273","/iunbsMWtkwfrtRzU7hdCHhPjjJf.jpg","2013-08-23","Drinking Buddies","False","6","676"
"False","/a2pPepVPtKY7E4XEkT7W3ZxUOY5.jpg","[35, 18]","580175","da","Druk","Four high school teachers launch a drinking experiment: upholding a constant low level of intoxication.","17.785","/fsn4cjpCvWuP9wU9hcFnK7M8RZC.jpg","2020-09-24","Another Round","False","7.7","1958"
"False","/jYEW5xZkZk2WTrdbMGAPFuBqbDc.jpg","[878, 12]","438631","en","Dune","Paul Atreides, a brilliant and gifted young man born into a great destiny beyond his understanding, must travel to the most dangerous planet in the universe to ensure the future of his family and his people. As malevolent forces explode into conflict over the planet's exclusive supply of the most precious resource in existence-a commodity capable of unlocking humanity's greatest potential-only those who can conquer their fear will survive.","259.723","/d5NXSklXo0qyIYkgV94XAgMIckC.jpg","2021-09-15","Dune","False","7.9","6944"
"False","/hgiuAQDZeCZS4LWf0ODyqSBUU8a.jpg","[35]","23619","it","Si può fare","The film follows Nello, the recently hired director of a newly developed work cooperative of former mental patients. After the closure of state psychiatric hospitals and asylums in Italy under the Basaglia Law many former patients were left with few resources and little hope of reintegrating into society. With the intention of actually improving the lives of his pupils, rather than just sedating them, Nello encourages them to expand their individual abilities and explore the wider world around them although, regardless of intention, there is sometimes a price to pushing boundaries too quickly.","4.268","/pE6ZpDvTXuhKxQlFbJg0uaUE31M.jpg","2008-10-31","We Can Do That","False","7.3","188"
"False","/bYy2C2cNuscZ12hLBqrRTVGuati.jpg","[36, 18, 10770]","15044","en","Einstein and Eddington","A look at the evolution of Albert Einstein's theory of relativity, and Einstein's relationship with British scientist Sir Arthur Eddington, the first physicist to understand his ideas.","6.607","/xfjONUpoEakb14m0dRK3Xqc69Xy.jpg","2008-11-29","Einstein and Eddington","False","7","101"
"False","/1Aw7WCRrjL1Gh6FHnNn25SrvGMs.jpg","[80, 18]","1807","en","Elephant","Several ordinary high school students go through their daily routine as two others prepare for something more malevolent.","22.32","/1a4VU9z2hxEvugHMK7VsobB9xTX.jpg","2003-09-20","Elephant","False","7.1","1460"
"False","/kMe4TKMDNXTKptQPAdOF0oZHq3V.jpg","[9648, 80, 12]","497582","en","Enola Holmes","While searching for her missing mother, intrepid teen Enola Holmes uses her sleuthing skills to outsmart big brother Sherlock and help a runaway lord.","17.835","/riYInlsq2kf1AWoGm80JQW5dLKp.jpg","2020-09-23","Enola Holmes","False","7.3","4398"
"False","/qzvntzcKwdp1GqOpJ8dc0FiSOPu.jpg","[35, 18, 10749]","209263","en","Enough Said","Eva is a divorced soon-to-be empty-nester wondering about her next act. Then she meets Marianne, the embodiment of her perfect self. Armed with a restored outlook on being middle-aged and single, Eva decides to take a chance on her new love interest Albert — a sweet, funny and like-minded man. But things get complicated when Eva discovers that Albert is in fact the dreaded ex–husband of Marianne...","9.391","/p5naJg0K8xF0h0HWEfiz6rc9lC4.jpg","2013-09-18","Enough Said","False","6.7","659"
"False","/1lx6TewxaaghQqWflW7pNDztiHs.jpg","[18]","8841","fr","Entre les murs","Teacher and novelist François Bégaudeau plays a version of himself as he negotiates a year with his racially mixed students from a tough Parisian neighborhood.","7.876","/gtHBnBKKxWiVPLF9bowOAcTwxCw.jpg","2008-09-24","The Class","False","6.9","512"
"False","/jb2i8OdcWP2gIF6dgtCA5JP7zC2.jpg","[18, 10749]","72660","pt","Eu Não Quero Voltar Sozinho","The arrival of a new student in school changes Leonardo's life. This 15 year-old blind teenager has to deal with the jealousy of his friend Giovana while figuring out the new feelings he's having towards his new friend, Gabriel.","5.676","/c0dVfg5wwiYzlYl9QsmrtWiwM6d.jpg","2010-07-18","I Don't Want to Go Back Alone","False","7.8","197"
"False","/6Jy5KuVULJg45vaBH7HEOdTYPVf.jpg","[16, 878, 18]","234284","ja","イヴの時間 劇場版","In the not-too-distant future, androids have come into common usage. However, treating androids on the same level as humans is frowned upon, and there is constant paranoia surrounding the possibility of robots defying humans, their masters. Those who appear too trustworthy of their androids are chided and labeled as ""android-holics"". Rikuo Sakisaka, who has taken robots for granted for his entire life, one day discovers that Sammy, his home android, has been acting independently and coming and going on her own. He finds a strange phrase recorded in her activity log, ""Are you enjoying the time of EVE?"". He, along with his friend Masakazu Masaki, traces Sammy's movements and finds an unusual café. Nagi, the barista, informs them that the café's main rule is to not discriminate between humans and androids. While Rikuo tries to reveal Sammy's intentions, he begins to question the legitimacy of the fear that drives humans to regard androids as nothing more than mere tools.","17.885","/kr5WBI8XF266hVNu9nT2wQwPg0J.jpg","2010-03-06","Time of EVE: The Movie","False","7.2","106"
"False","/cTkyhXvG3Ml0CtuQhNpaAiqzcq9.jpg","[53, 80, 9648, 18]","4193","en","Evil Under the Sun","Trying to find how a millionaire wound up with a phony diamond brings Hercule Poirot to an exclusive island resort frequented by the rich and famous. When a murder is committed, everyone has an alibi.","10.923","/iiufivrnbG0i3gvjMtJeqjbbyHn.jpg","1982-03-05","Evil Under the Sun","False","6.9","308"
"False","/AklO85uUDAL3O7iSOtFGfqT3w8n.jpg","[18, 53, 9648]","345","en","Eyes Wide Shut","After Dr. Bill Harford's wife, Alice, admits to having sexual fantasies about a man she met, Bill becomes obsessed with having a sexual encounter. He discovers an underground sexual group and attends one of their meetings -- and quickly discovers that he is in over his head.","21.542","/a0YOhU3zq0RkOYrVlPXCeE1oFkR.jpg","1999-07-16","Eyes Wide Shut","False","7.5","4767"
"False","/b5BLqJ6pqMtziBQFd89StwvE7D8.jpg","[18]","458737","en","First Reformed","A pastor of a small church in upstate New York starts to spiral out of control after a soul-shaking encounter with an unstable environmental activist and his pregnant wife.","13.302","/p2UylV0hPefEuWPFMo1r56vu2nb.jpg","2018-05-18","First Reformed","False","7","1071"
"False","/fydUcbkqLyESCFa9U5XKqi8dIVj.jpg","[16, 10751, 12, 14]","109445","en","Frozen","Young princess Anna of Arendelle dreams about finding true love at her sister Elsa’s coronation. Fate takes her on a dangerous journey in an attempt to end the eternal winter that has fallen over the kingdom. She's accompanied by ice delivery man Kristoff, his reindeer Sven, and snowman Olaf. On an adventure where she will find out what friendship, courage, family, and true love really means.","115.657","/kgwjIb2JDHRhNk13lmSxiClFjVk.jpg","2013-11-20","Frozen","False","7.3","14228"
"False","/cDOv649oRCxLxsrMtboqSFOb6aB.jpg","[878, 28]","315837","en","Ghost in the Shell","In the near future, Major is the first of her kind: a human saved from a terrible crash, then cyber-enhanced to be a perfect soldier devoted to stopping the world's most dangerous criminals.","39.698","/myRzRzCxdfUWjkJWgpHHZ1oGkJd.jpg","2017-03-29","Ghost in the Shell","False","6","7027"
"False","/mkyqVN51VswajggvNllSDnVf1Cj.jpg","[18, 9648, 53]","5279","en","Gosford Park","In 1930’s England, a group of pretentious rich and famous gather together for a weekend of relaxation at a hunting resort. But when a murder occurs, each one of these interesting characters becomes a suspect.","9.7","/i8rcl2CLdbSX37HKCThVmSgXOxq.jpg","2001-11-07","Gosford Park","False","6.9","847"
"False","/a2n6bKD7qhCPCAEALgsAhWOAQcc.jpg","[878, 53, 18]","49047","en","Gravity","Dr. Ryan Stone, a brilliant medical engineer on her first Shuttle mission, with veteran astronaut Matt Kowalsky in command of his last flight before retiring. But on a seemingly routine spacewalk, disaster strikes. The Shuttle is destroyed, leaving Stone and Kowalsky completely alone-tethered to nothing but each other and spiraling out into the blackness of space. The deafening silence tells them they have lost any link to Earth and any chance for rescue. As fear turns to panic, every gulp of air eats away at what little oxygen is left. But the only way home may be to go further out into the terrifying expanse of space.","20.208","/wmUeEacsFZzDndaeOtNNmy26rYJ.jpg","2013-10-03","Gravity","False","7.2","13327"
"False","/uWVkEo9PWHu9algZsiLPi6sRU64.jpg","[36, 18]","556574","en","Hamilton","Presenting the tale of American founding father Alexander Hamilton, this filmed version of the original Broadway smash hit is the story of America then, told by America now.","15.205","/h1B7tW0t399VDjAcWJh8m87469b.jpg","2020-07-03","Hamilton","False","8.3","956"
"False","/pL4EBT2Rm1EuTgyqiMM48elmhfY.jpg","[35, 14]","11787","en","Harvey","The story of Elwood P. Dowd who makes friends with a spirit taking the form of a human-sized rabbit named Harvey that only he sees (and a few privileged others on occasion also.) After his sister tries to commit him to a mental institution, a comedy of errors ensues. Elwood and Harvey become the catalysts for a family mending its wounds and for romance blossoming in unexpected places.","7.943","/dgd82hYmpiXDM1G867HqNaWe8wj.jpg","1950-12-04","Harvey","False","7.7","459"
"False","/sPPsR9f4K0movWVQ99u4uMqFzEL.jpg","[10749, 878, 18]","152601","en","Her","In the not so distant future, Theodore, a lonely writer purchases a newly developed operating system designed to meet the user's every needs. To Theodore's surprise, a romantic relationship develops between him and his operating system. This unconventional love story blends science fiction and romance in a sweet tale that explores the nature of love and the ways that technology isolates and connects us all.","27.918","/yk4J4aewWYNiBhD49WD7UaBBn37.jpg","2013-12-18","Her","False","7.9","12090"
"False","/bo5VJbds3oeMoj19GFnzBoUgjJS.jpg","[878, 18, 9648, 53]","376865","en","High Life","A father and his daughter struggle to survive in deep space where they live in isolation.","9.76","/wElOvH7H6sLElsTOLu1MY6oWRUx.jpg","2018-09-26","High Life","False","5.8","840"
"False","/wMDg5cm1xIieCTINQo6drZWIy8n.jpg","[18, 10749]","237791","pt","Hoje Eu Quero Voltar Sozinho","Leonardo is a blind teenager dealing with an overprotective mother while trying to live a more independent life. To the disappointment of his best friend, Giovana, he plans to go on an exchange program abroad. When Gabriel, a new student in town, arrives at their classroom, new feelings blossom in Leonardo making him question his plans.","8.998","/2BhhlAYwKvONGW7tr16ZhnD0sym.jpg","2014-03-28","The Way He Looks","False","8","823"
"False","/5EQUQ6nqjgfGowfho31TlF0EAiY.jpg","[18, 14]","103328","fr","Holy Motors","We follow 24 hours in the life of a being moving from life to life like a cold and solitary assassin moving from hit to hit. In each of these interwoven lives, the being possesses an entirely distinct identity: sometimes a man, sometimes a woman, sometimes youthful, sometimes old. By turns murderer, beggar, company chairman, monstrous creature, worker, family man.","8.116","/vr5ln88VCliaEiMufIqsXIVyBIB.jpg","2012-07-02","Holy Motors","False","7.1","896"
"False","/ljEdpkceJ9b3TEcTVQISS0Goft0.jpg","[18, 36, 10752]","205","en","Hotel Rwanda","Inspired by true events, this film takes place in Rwanda in the 1990s when more than a million Tutsis were killed in a genocide that went mostly unnoticed by the rest of the world. Hotel owner Paul Rusesabagina houses over a thousand refuges in his hotel in attempt to save their lives.","12.91","/p3pHw85UMZPegfMZBA6dZ06yarm.jpg","2004-03-04","Hotel Rwanda","False","7.7","2290"
"False","/v529QdjxwGKmJycQWnJj6qGSpta.jpg","[14, 12, 16, 10751]","10191","en","How to Train Your Dragon","As the son of a Viking leader on the cusp of manhood, shy Hiccup Horrendous Haddock III faces a rite of passage: he must kill a dragon to prove his warrior mettle. But after downing a feared dragon, he realizes that he no longer wants to destroy it, and instead befriends the beast – which he names Toothless – much to the chagrin of his warrior father.","69.36","/ygGmAO60t8GyqUo9xYeYxSZAR3b.jpg","2010-03-18","How to Train Your Dragon","False","7.8","10909"
"False","/xmCHgEPE4XH5Swnc2te2covuU5D.jpg","[35, 18]","9685","en","Igby Goes Down","Igby Slocumb, a rebellious and sarcastic 17-year-old boy, is at war with the stifling world of old money privilege he was born into. With a schizophrenic father, a self-absorbed, distant mother, and a shark-like young Republican big brother, Igby figures there must be a better life out there -- and sets about finding it.","7.562","/f53JBgzYESamcYT3LkUeeoSXPgi.jpg","2002-09-13","Igby Goes Down","False","6.6","225"
"False","/88atstNUnf3AHnnCn4DW2rNJnfW.jpg","[35, 18, 80]","8321","en","In Bruges","Ray and Ken, two hit men, are in Bruges, Belgium, waiting for their next mission. While they are there they have time to think and discuss their previous assignment. When the mission is revealed to Ken, it is not what he expected.","13.736","/jMiBBqk72VRo1Y39x2ZbbenEU3a.jpg","2008-02-08","In Bruges","False","7.5","4009"
"False","/gGBE24xD5NdMqvkJJEzP04jtFG9.jpg","[18]","454286","en","God's Not Dead: A Light in Darkness","Pastor Dave  responds to the unimaginable tragedy of having his church, located on the grounds of the local university, burned down.","62.469","/1MwoZ4U8SGm7yIzfPFcTTbiiOYY.jpg","2018-03-30","God's Not Dead: A Light in Darkness","False","7","149"
"False","/zwC3N0QQC2OCPDz2UWKNoq5vXm7.jpg","[18, 9648, 35]","171274","en","Inherent Vice","In Los Angeles at the turn of the 1970s, drug-fueled detective Larry ""Doc"" Sportello investigates the disappearance of an ex-girlfriend.","16.105","/7XhdTcivvkNcdAXrEijgh0Eoabb.jpg","2014-12-12","Inherent Vice","False","6.6","2091"
"False","/mvyERNa0oNsBjbHqn5qSGMHk2FM.jpg","[12, 18]","5915","en","Into the Wild","After graduating from Emory University in 1992, top student and athlete Christopher McCandless abandons his possessions, gives his entire $24,000 savings account to charity, and hitchhikes to Alaska to live in the wilderness.","16.179","/2MSGZEE6XZd2r4ODNziwAw7Hpw0.jpg","2007-09-11","Into the Wild","False","7.8","8253"
"False","/h81gVvHitMCp5ZmLyFUjHX4zjd6.jpg","[18, 10752]","31442","ru","Иваново детство","In WW2, twelve year old Soviet orphan Ivan Bondarev works for the Soviet army as a scout behind the German lines and strikes a friendship with three sympathetic Soviet officers.","11.947","/vmRWSLP1DE9WTta0hfzIafJ0dID.jpg","1962-05-09","Ivan's Childhood","False","7.9","502"
"False","/6xB23vOk2EpYDK2CSIen1RAlxYV.jpg","[10402, 36, 18]","12545","en","Jesus Christ Superstar","Oscar-nominated film adaptation of the rock opera of the same name, based on the last weeks before the crucifixion of Jesus. The film was directed by Norman Jewison. Ted Neeley and Carl Anderson were nominated for two 1974 Golden Globe Award for their portrayals of Jesus and Judas, respectively.","11.649","/2NQgIjHxYyMJZWeUFH5cuKhN4nh.jpg","1973-08-15","Jesus Christ Superstar","False","7.1","454"
"False","/cXQH2u7wUIX1eoIdEj51kHXoWhX.jpg","[35, 80]","100","en","Lock, Stock and Two Smoking Barrels","A card shark and his unwillingly-enlisted friends need to make a lot of cash quick after losing a sketchy poker match. To do this they decide to pull a heist on a small-time gang who happen to be operating out of the flat next door.","8.775","/8kSerJrhrJWKLk1LViesGcnrUPE.jpg","1998-08-28","Lock, Stock and Two Smoking Barrels","False","8.2","5419"
"False","/4HWAQu28e2yaWrtupFPGFkdNU7V.jpg","[35, 80, 9648]","546554","en","Knives Out","When renowned crime novelist Harlan Thrombey is found dead at his estate just after his 85th birthday, the inquisitive and debonair Detective Benoit Blanc is mysteriously enlisted to investigate. From Harlan's dysfunctional family to his devoted staff, Blanc sifts through a web of red herrings and self-serving lies to uncover the truth behind Harlan's untimely death.","47.242","/pThyQovXQrw2m0s9x82twj48Jq4.jpg","2019-11-27","Knives Out","False","7.9","8794"
"False","/zPbu0CFnAT2kYfbGWjgZBTajmzi.jpg","[35, 18]","439","it","La dolce vita","Journalist and man-about-town Marcello struggles to find his place in the world, torn between the allure of Rome's elite social scene and the stifling domesticity offered by his girlfriend, all the while searching for a way to become a serious writer.","10.644","/xgqVtaGbITWeIYR3mkYo39bRd36.jpg","1960-02-05","La Dolce Vita","False","8.2","1463"
"False","/yGgEg4yimYQJLZrZg3Qhogp2raQ.jpg","[10751, 16, 10749]","10340","en","Lady and the Tramp","Lady, a golden cocker spaniel, meets up with a mongrel dog who calls himself the Tramp. He is obviously from the wrong side of town, but happenings at Lady's home make her decide to travel with him for a while.","61.73","/r9FiDSdBwNHdRwN0NMRrqfEHJGO.jpg","1955-06-22","Lady and the Tramp","False","7.1","4419"
"False","/xufyVK4t55YkmroxEdVdRrBT3pR.jpg","[18]","60141","pt","Lavoura Arcaica","The story of André, the rebel runaway son from a dominant Lebanese-Brazilian family who returns to the nest after a few years. ""Lavoura Arcaica"" deals with melodramatic themes of tyrannical fathers, incest and fierce family conflicts, matched by an overheated and intense visual style.","1.432","/fP3xmB7FqCdhepHRQhoPqaGK4j2.jpg","2001-10-29","To the Left of the Father","False","7.2","29"
"False","/obtBUwnhRO8qcjCSB9iGvN9CCWz.jpg","[35, 16]","75491","fr","Le Chat du rabbin","The story of a rabbi and his talking cat, a sharp-tongued feline philosopher brimming with scathing humor and a less than pure love for the rabbi's teenage daughter.","5.904","/pcjwhq6hF3z2Wir0ZcKHTxmtRsH.jpg","2011-05-31","The Rabbi's Cat","False","6.9","144"
"False","/1qDDU5kQUG3NwahbrUIXJcW36wu.jpg","[18]","443463","en","Leave No Trace","A father and daughter live a perfect but mysterious existence in Forest Park, a beautiful nature reserve near Portland, Oregon, rarely making contact with the world. But when a small mistake tips them off to authorities, they are sent on an increasingly erratic journey in search of a place to call their own.","12.945","/w69iId8e80xBpyF0r2rfZoqRwQj.jpg","2018-06-29","Leave No Trace","False","6.7","931"
"False","/hB4ibOHXm1Xl0IbuYVioktDGUWJ.jpg","[18, 35]","718032","en","Licorice Pizza","The story of Alana Kane and Gary Valentine growing up, running around and going through the treacherous navigation of first love in the San Fernando Valley, 1973.","36.506","/jD98aUKHQZNAmrk0wQQ9wmNQPnP.jpg","2021-11-26","Licorice Pizza","False","7.1","1018"
"False","/lHAYacdv2ldnr9GZO5hymTK5rFc.jpg","[18, 10749, 35]","1440","en","Little Children","The lives of two lovelorn spouses from separate marriages, a registered sex offender, and a disgraced ex-police officer intersect as they struggle to resist their vulnerabilities and temptations.","14.156","/so9xla7b7WfFiarDwOukhQpRuyd.jpg","2006-10-06","Little Children","False","7.1","737"
"False","/sOJqNAx4RFrCRn8HS99LEc8aenI.jpg","[18, 10749]","331482","en","Little Women","Four sisters come of age in America in the aftermath of the Civil War.","33.27","/yn5ihODtZ7ofn8pDYfxCmxh8AXI.jpg","2019-12-25","Little Women","False","7.9","4802"
"False","/2oB8vMCMaKEE6HYZFL2yR0CEOBh.jpg","[28, 878]","240832","en","Lucy","A woman, accidentally caught in a dark deal, turns the tables on her captors and transforms into a merciless warrior evolved beyond human logic.","55.751","/kRbpUTRNm6QbLQFPFWUcNC4czEm.jpg","2014-07-25","Lucy","False","6.4","14060"
"False","/7XmDhCTkce5GH8KCdbMoTZdxn1p.jpg","[18]","1913","es","Mar adentro","The Sea Inside is about Spaniard Ramón Sampedro, who fought a 30-year campaign to win the right to end his life with dignity. It is the story of Ramón’s relationships with two women: Julia a lawyer who supports his cause, and Rosa, a local woman who wants to convince him that life is worth living.","11.927","/mQW1JJKCUg02cmWBzr9JFu9vM1V.jpg","2004-09-03","The Sea Inside","False","7.6","716"
"False","/wmFxKM6qXa3ByXHgbKkcC12QUZq.jpg","[18]","44754","en","Margaret","A young woman witnesses a bus accident, and is caught up in the aftermath, where the question of whether or not it was intentional affects many people's lives.","7.904","/zqBao8uRH6TQAJd13tqC22vPB76.jpg","2011-09-30","Margaret","False","6.3","230"
"False","/cvYNTHNw63ljSQCRMq2GxdjzoZQ.jpg","[53, 18]","50839","en","Margin Call","A thriller that revolves around the key people at an investment bank over a 24-hour period during the early stages of the financial crisis.","14.463","/pgMIdInSIGw0uSory7yEBFGrvIS.jpg","2011-02-11","Margin Call","False","6.8","1347"
"False","/pW1sEV4R2GL99OoUq73Pvf7r7Ce.jpg","[16, 35, 18]","24238","en","Mary and Max","A tale of friendship between two unlikely pen pals: Mary, a lonely, eight-year-old girl living in the suburbs of Melbourne, and Max, a forty-four-year old, severely obese man living in New York. In the mid-1970s, a homely, friendless Australian girl of 8 picks a name out of a Manhattan phone book and writes to him; she includes a chocolate bar. He writes back, with chocolate. Thus begins a 20-year correspondence. Will the two ever meet face to face?","9.052","/b4LKlquh0ls5Rgb27QLPlkC7Oya.jpg","2009-02-09","Mary and Max","False","7.9","1529"
"False","/eNI7PtK6DEYgZmHWP9gQNuff8pv.jpg","[878, 28, 12]","624860","en","The Matrix Resurrections","Plagued by strange memories, Neo's life takes an unexpected turn when he finds himself back inside the Matrix.","432.843","/8c4a8kE7PizaGQQnditMmI1xbRp.jpg","2021-12-16","The Matrix Resurrections","False","6.7","3662"
"False","","[28, 80, 53, 10770]","305603","en","Memories of Murder","A woman who had been suffering from amnesia suddenly gets her memory back. However, she finds that she's now married to a man who she doesn't think she really loves, and she keeps having visions of a young woman who she believes is out to kill her--but she can't get anyone to listen.","1.376","","1990-07-31","Memories of Murder","False","5.9","4"
"False","/cpDoykGqISrjXb4SG1L18OkmWAf.jpg","[18]","615643","en","Minari","A Korean-American family moves to Arkansas in search of their own American Dream. With the arrival of their sly, foul-mouthed, but incredibly loving grandmother, the stability of their relationships is challenged even more in this new life in the rugged Ozarks, testing the undeniable resilience of family and what really makes a home.","15.15","/6mPNdmjdbVKPITv3LLCmQoKs9Zw.jpg","2021-02-12","Minari","False","7.4","1096"
"False","/bsYv9IFIGfpAV0oUbe7YTiyxhox.jpg","[35, 18, 10749]","83666","en","Moonrise Kingdom","Set on an island off the coast of New England in the summer of 1965, Moonrise Kingdom tells the story of two twelve-year-olds who fall in love, make a secret pact, and run away together into the wilderness. As various authorities try to hunt them down, a violent storm is brewing off-shore – and the peaceful island community is turned upside down in more ways than anyone can handle.","14.719","/y4SXcbNl6CEF2t36icuzuBioj7K.jpg","2012-05-16","Moonrise Kingdom","False","7.7","4877"
"False","/zMrk2G3XsnfYKiIp1NEfdtvDyBH.jpg","[12, 14, 18]","337401","en","Mulan","When the Emperor of China issues a decree that one man per family must serve in the Imperial Chinese Army to defend the country from Huns, Hua Mulan, the eldest daughter of an honored warrior, steps in to take the place of her ailing father. She is spirited, determined and quick on her feet. Disguised as a man by the name of Hua Jun, she is tested every step of the way and must harness her innermost strength and embrace her true potential.","123.898","/aKx1ARwG55zZ0GpRvU2WrGrCG9o.jpg","2020-09-04","Mulan","False","7","5636"
"False","/oI2quZga94mj7dHlZP4YZJLfQ95.jpg","[35, 18]","25468","en","My Dinner with Andre","Wallace Shawn and Andre Gregory, apparently playing themselves, share their lives over the course of an evening meal at a restaurant.","6.764","/u2KB70Xlzwg920mYWlGb18YIatd.jpg","1981-10-11","My Dinner with Andre","False","7.6","255"
"False","/lTVbcxbXHO2o3T0KFrnnx7QmxIm.jpg","[18, 12]","129670","en","Nebraska","An aging, booze-addled father takes a trip from Montana to Nebraska with his estranged son in order to claim what he believes to be a million-dollar sweepstakes prize.","7.299","/3WdcebeFY1ProN3MxKuaT78CK8w.jpg","2013-09-21","Nebraska","False","7.5","1446"
"False","/g0YNGpmlXsgHfhGnJz3c5uyzZ1B.jpg","[80, 18, 53]","597208","en","Nightmare Alley","An ambitious carnival man with a talent for manipulating people with a few well-chosen words hooks up with a female psychiatrist who is even more dangerous than he is.","305.806","/680klE0dIreQQOyWKFgNnCAJtws.jpg","2021-12-02","Nightmare Alley","False","7","1640"
"False","/563sRDK3rZS31TXCdTY4lfcwrNK.jpg","[18]","581734","en","Nomadland","A woman in her sixties embarks on a journey through the western United States after losing everything in the Great Recession, living as a van-dwelling modern-day nomad.","23.21","/8Vc5EOUEIF1EUXuX9eLFf7BvN3P.jpg","2020-12-04","Nomadland","False","7.3","2241"
"False","/xEY0MV2jSQBz9iOJfCFvLTiPGMA.jpg","[53, 80]","75656","en","Now You See Me","An FBI agent and an Interpol detective track a team of illusionists who pull off bank heists during their performances and reward their audiences with the money.","58.979","/1eQ3c443YwXz1Xq0FZ24qrJBKyd.jpg","2013-05-29","Now You See Me","False","7.4","13659"
"False","","[18]","32958","pt","O Contador de Histórias","Based on the life of Roberto Carlos Ramos, a Brazilian teacher and storyteller brought up in a state educational institution for poor children.","1.926","/eSXS7pFrnT6zyYJwUQpzRv9RbUU.jpg","2009-08-07","The Story of Me","False","6.5","15"
"False","/gs9Z5cPauxH9Gml2kO6oUYwkTgK.jpg","[18]","2013","fr","Le scaphandre et le papillon","The true story of Elle France editor Jean-Dominique Bauby, who, in 1995 at the age of 43, suffered a stroke that paralyzed his entire body, except his left eye. Using that eye to blink out his memoir, Bauby eloquently described the aspects of his interior world, from the psychological torment of being trapped inside his body to his imagined stories from lands he'd only visited in his mind.","9.23","/3MJUo4bCPai5r9zrw7nTS8sVzQ7.jpg","2007-05-23","The Diving Bell and the Butterfly","False","7.6","923"
"False","/xFxk4vnirOtUxpOEWgA1MCRfy6J.jpg","[10751, 16, 12, 35, 14]","508439","en","Onward","In a suburban fantasy world, two teenage elf brothers embark on an extraordinary quest to discover if there is still a little magic left out there.","45.914","/f4aul3FyD3jv3v4bul1IrkWZvzq.jpg","2020-02-29","Onward","False","7.8","5008"
"False","/wgGvWDkRATqntbKO0cW5IXnRk2u.jpg","[18]","73919","pt","Os Famosos e os Duendes da Morte","In a small town in the countryside in the south of Brazil, a teenager that uses the codename Mr. Tambourine Man spends his time in Internet, at school, smoking pot with his best friend Diego and with his dysfunctional mother. He dreams on leaving his hometown to watch a Bob Dylan's show but seems to be hopeless stranded in the spot.","1.24","/3dkhEOe9swT0pJF6O8TZ2HY5KkN.jpg","2011-09-29","The Famous and the Dead","False","6.8","9"
"False","/9CkI4VsYF8qJWfZpPqwZnBctb3M.jpg","[18]","50270","it","Paprika","A young country girl comes to town and works in a brothel in order to help her fiance get the money to start his own business. ""Paprika"" is the name given to her by the madam.","29.068","/jwlo74haG1XNmp5IdSJ5Gy3KuIm.jpg","1991-02-13","Paprika","False","7","273"
"False","/mlJmDZc7xVEYAU396EiLuN9Q4PB.jpg","[10751, 16, 12, 35]","77174","en","ParaNorman","In the town of Blithe Hollow, Norman Babcock can speak to the dead, but no one other than his eccentric new friend believes his ability is real. One day, Norman's eccentric uncle tells him of a ritual he must perform to protect the town from a curse cast by a witch centuries ago.","28.03","/9DZPtuYTKYxt6vzHvZ5FLThG4fl.jpg","2012-08-03","ParaNorman","False","6.9","2073"
"False","","[18, 9648]","86976","ja","PERFECT BLUE 夢なら醒めて","Asaka Ai is a budding starlet waiting for her big break to make it into the limelight. Under the dedicated tutelage of her manager Bando she shuffles from one photo shoot to the next, most often resulting in her image being used on various advertising posters. With the help of a catchy tune, Ai and Bando anticipate she will finally break out of merely poster appearances and into television commercials and from there, real stardom. The song is entitled ""If this is a Dream Wake Me"" (Yume Nara Samete) and was written by Ai's friend Hiromi just prior to Hiromi jumping headlong off a tall building. But as things started to go well, a stalker shows up knowing anything and everything about Ai...","6.326","/lPZBtqGE90ghaFhBsdqae7AeEPM.jpg","2002-08-24","Perfect Blue","False","6.6","12"
"False","/bIdNMgWG9Z1X15E01kPobncgi96.jpg","[16, 18]","2011","fr","Persepolis","In 1970s Iran, Marjane 'Marji' Statrapi watches events through her young eyes and her idealistic family of a long dream being fulfilled of the hated Shah's defeat in the Iranian Revolution of 1979. However as Marji grows up, she witnesses first hand how the new Iran, now ruled by Islamic fundamentalists, has become a repressive tyranny on its own.","10.281","/pc86fETcZ07S3SnKOX5NjHEStdc.jpg","2007-06-27","Persepolis","False","7.9","1531"
"False","/1vdEUx5sZi2leQOefOV0h2c9LYs.jpg","[16, 10751, 12, 14]","10693","en","Peter Pan","Leaving the safety of their nursery behind, Wendy, Michael and John follow Peter Pan to a magical world where childhood lasts forever. But while in Neverland, the kids must face Captain Hook and foil his attempts to get rid of Peter for good.","61.094","/fJJOs1iyrhKfZceANxoPxPwNGF1.jpg","1953-02-05","Peter Pan","False","7.2","4494"
"False","/tA8Kl83oyv19pQAjpj4JhVt6yEk.jpg","[10402, 18]","12104","en","Pink Floyd: The Wall","A troubled rock star descends into madness in the midst of his physical and social isolation from everyone.","13.569","/3QcwzfyIYI8a94yP26jQ2TWsXGI.jpg","1982-07-14","Pink Floyd: The Wall","False","8","1183"
"False","/1nR9mCsJD02j13wet0yAnVhEG6Y.jpg","[18, 53]","71157","fr","Polisse","Paris, France. Fred and his colleagues, members of the BPM, the Police Child Protection Unit, dedicated to pursuing all sorts of offenses committed against the weakest, must endure the scrutiny of Melissa, a photographer commissioned to graphically document the daily routine of the team.","7.49","/cKs3XSFVbFeZcH3g9geAvr6ApOl.jpg","2011-10-06","Polisse","False","7.9","993"
"False","/yBq4jWZLaEJIssuVx2fAysEwJnt.jpg","[18, 10749]","4348","en","Pride & Prejudice","A story of love and life among the landed English gentry during the Georgian era. Mr. Bennet is a gentleman living in Hertfordshire with his overbearing wife and five daughters, but if he dies their house will be inherited by a distant cousin whom they have never met, so the family's future happiness and security is dependent on the daughters making good marriages.","46.991","/sGjIvtVvTlWnia2zfJfHz81pZ9Q.jpg","2005-09-16","Pride & Prejudice","False","8.1","6491"
"False","/yOF42AWuF9Nz8nGLFpdGACSUwao.jpg","[878, 18, 53]","14337","en","Primer","Friends and fledgling entrepreneurs invent a device in their garage which reduces the apparent mass of any object placed inside it, but they discover that it has some highly unexpected capabilities - ones that could enable them to do and to have seemingly anything they want. Taking advantage of this unique opportunity is the first challenge they face. Dealing with the consequences is the next.","10.408","/voAV7fWA1g4mWsRm6l0rVsxU3sG.jpg","2004-10-08","Primer","False","6.8","1709"
"False","/6p6H2b4jZrm6V4uf39X21xAPgrK.jpg","[18, 35]","458342","en","Private Life","Richard and Rachel, a couple in the throes of infertility, try to maintain their marriage as they descend deeper and deeper into the insular world of assisted reproduction and domestic adoption.","7.344","/c0LxunoOD30s1d9fgwFQ0JTUCva.jpg","2018-10-05","Private Life","False","7","274"
"False","","[99]","57979","pt","Pro Dia Nascer Feliz","""Pro Dia Nascer Feliz"" é o segundo longa-metragem do diretor João Jardim, diretor do cultuado documentário ""Janela da Alma"" que, em 2002, bateu recordes de público no gênero. Através de uma investigação do relacionamento do adolescente com a escola - ambiente fundamental em sua formação - o diretor traz à tona, além de questões comuns a qualquer adolescente dentro do ambiente escolar, questões como a desigualdade social e o impacto da banalização da violência no desenvolvimento de muitos desses jovens.","1.326","/vpaijqE50AnzoYnCXioGIyyVAJ1.jpg","2006-03-23","Pro Dia Nascer Feliz","False","7.3","15"
"False","/3G1Q5xF40HkUBJXxt2DQgQzKTp5.jpg","[16, 35, 10751, 14]","568124","en","Encanto","The tale of an extraordinary family, the Madrigals, who live hidden in the mountains of Colombia, in a magical house, in a vibrant town, in a wondrous, charmed place called an Encanto. The magic of the Encanto has blessed every child in the family with a unique gift from super strength to the power to heal—every child except one, Mirabel. But when she discovers that the magic surrounding the Encanto is in danger, Mirabel decides that she, the only ordinary Madrigal, might just be her exceptional family's last hope.","1185.61","/4j0PNHkMr5ax3IA8tjtxcmPU3QT.jpg","2021-11-24","Encanto","False","7.7","6447"
"False","/7eFrCU1Tou3ZLcUjwQxvLlPbkev.jpg","[53]","809970","pl","Hiacynt","Not satisfied with the result of a murder investigation in Warsaw's gay community, an officer in 1980s communist Poland resolves to uncover the truth.","12.563","/rUX2fGa7OV85c6rtjOC351RVeyD.jpg","2021-08-18","Operation Hyacinth","False","6.7","37"
"False","/gMVdhfQ7q9DFHhDkehrququjGPd.jpg","[35, 80, 18, 36]","487558","en","BlacKkKlansman","Colorado Springs, late 1970s. Ron Stallworth, an African American police officer, and Flip Zimmerman, his Jewish colleague, run an undercover operation to infiltrate the Ku Klux Klan.","14.955","/8jxqAvSDoneSKRczaK8v9X5gqBp.jpg","2018-08-09","BlacKkKlansman","False","7.5","6417"
"False","/xALGpuW7HTv5muDw0WtWPARBpgy.jpg","[35]","671652","en","Taylor Tomlinson: Quarter-Life Crisis","Comedian Taylor Tomlinson is halfway through her 20s — and she's over it. From dating losers to a failed engagement, she takes aim at her life choices.","4.577","/k3dWZYGa0Tq1mdOUrUXTF7i2n3z.jpg","2020-03-03","Taylor Tomlinson: Quarter-Life Crisis","False","7.3","60"
"False","/8yi6lg6RjaOoucKSg08lxIuJvfX.jpg","[37]","441924","en","Tombstone Rashomon","The Gunfight at the OK Corral only happened once, but has been tirelessly recreated in films, television shows and western towns ever since. No one has a monopoly on truth, and in Tombstone Rashomon, the truth is shared by six conflicting, yet historical perspectives. In doing so, the film’s narrative becomes prismatic and the result is perhaps the most comprehensive telling of the most important gunfight in American history. This is the Tombstone story told in the style of the Japanese classic Rashomon where we see history from several perspectives including that of Wyatt Earp, Doc Holliday, Kate, Ike Clanton, Colonel Hafford and Johnny Behan.","2.653","/yh0r0HlcpAgZFj17ngLgOEBaUHM.jpg","2017-04-08","Tombstone Rashomon","False","8","3"
"False","/iQoGzaGqJ8dbTuLhPLODn57GS0L.jpg","[18, 10749]","1833","en","Rent","This rock opera tells the story of one year in the life of a group of bohemians struggling in late 1980s East Village, New York, USA. The film centers around Mark and Roger, two roommates. While a  tragedy has made Roger numb to new experiences, Mark begins capturing their world through his attempts to make a personal movie. In the year that follows, they and their friends deal with love, loss, and working together.","7.577","/fomBrfOHWxlaVcjPk4yCQgIwAnh.jpg","2005-11-17","Rent","False","6.8","476"
"False","/7jR6xSOqnWCrm3OGhm06Y8jGCYS.jpg","[80, 18]","641","en","Requiem for a Dream","The hopes and dreams of four ambitious people are shattered when their drug addictions begin spiraling out of control. A look into addiction and how it overcomes the mind and body.","11.919","/a1BrBoErndBAYEZZEJaotIJ6CE1.jpg","2000-10-06","Requiem for a Dream","False","8","8086"
"False","/81LX4wktTXWEXjLNlkHTmJm7tRu.jpg","[80, 18, 53]","1580","en","Rope","Two men attempt to prove they committed the perfect crime by hosting a dinner party after strangling their former classmate to death.","12.524","/j6jYX3IO49Z1U20sViIEsQfAI10.jpg","1948-03-11","Rope","False","8","2047"
"False","/t0wM2ZaeUHhGALSr0kW2VjYiOJm.jpg","[18]","57965","it","Rosso come il cielo","A nearly sightless boy is sent to a school for blind children, where he secretly discovers the possibilities of the recorded sound.","2.605","/1rCb19XDcQIcepJic7L8VziCUNe.jpg","2006-10-17","Red Like the Sky","False","7.7","54"
"False","/pbTyzFmqah1uQJTig17NiOeCU2d.jpg","[35, 18, 36]","140823","en","Saving Mr. Banks","Author P.L. Travers looks back on her childhood while reluctantly meeting with Walt Disney, who seeks to adapt her Mary Poppins books for the big screen.","12.026","/qfhiVU59BSPCdOZwPNs29Z8S23K.jpg","2013-11-29","Saving Mr. Banks","False","7.4","2872"
"False","/loRmRzQXZeqG78TqZuyvSlEQfZb.jpg","[18, 36, 10752]","424","en","Schindler's List","The true story of how businessman Oskar Schindler saved over a thousand Jewish lives from the Nazis while they worked as slaves in his factory during World War II.","36.965","/sF1U4EUQS8YHUYjNl3pMGNIQyr0.jpg","1993-11-30","Schindler's List","False","8.6","12756"
"False","/5i2XtRgiTyw0GxIllAPOX12ouSV.jpg","[36, 18]","273895","en","Selma","""Selma,"" as in Alabama, the place where segregation in the South was at its worst, leading to a march that ended in violence, forcing a famous statement by President Lyndon B. Johnson that ultimately led to the signing of the Voting Rights Act.","10.517","/wq4lhMc4BuOyQqe1ZGzhxLyy3Uk.jpg","2014-12-25","Selma","False","7.4","1927"
"False","/tbsopdHtiqpa8txljiSeuGHxLu.jpg","[80, 27, 53]","73861","sr","Srpski film","Milos, a retired porn star, leads a normal family life trying to make ends meet. Presented with the opportunity of a lifetime to financially support his family for the rest of their lives, Milos must participate in one last mysterious film. From then on, Milos is drawn into a maelstrom of unbelievable cruelty and mayhem.","27.56","/yIQqiw3Az5QYNHLCUoCTtxXH24G.jpg","2010-06-16","A Serbian Film","False","5.5","1465"
"False","/4NdAMnBwSAaSsUjoXkcU5aW28RF.jpg","[28, 80, 53]","273481","en","Sicario","An idealistic FBI agent is enlisted by a government task force to aid in the escalating war against drugs at the border area between the U.S. and Mexico.","56.062","/kTzfTJ2YZLNloOsE3PserEFCcg5.jpg","2015-09-17","Sicario","False","7.4","6922"
"False","/slPsf3cQFt8ffQSQbuOlpYlV84s.jpg","[14, 16, 10749, 10751]","10882","en","Sleeping Beauty","A beautiful princess born in a faraway kingdom is destined by a terrible curse to prick her finger on the spindle of a spinning wheel and fall into a deep sleep that can only be awakened by true love's first kiss. Determined to protect her, her parents ask three fairies to raise her in hiding. But the evil Maleficent is just as determined to seal the princess's fate.","57.641","/e3K5cLvVRXVxhw4mXQET92p1dnz.jpg","1959-02-17","Sleeping Beauty","False","6.9","4328"
"False","/jpP8oOge5W47mHdgp3j3zEJnT6Q.jpg","[9648, 53, 80]","993","en","Sleuth","A mystery novelist devises an insurance scam with his wife’s lover – but things aren’t exactly as they seem.","8.727","/jAREYLUnYGwPjbQr0vs1s38QLkH.jpg","1972-12-10","Sleuth","False","7.7","449"
"False","/5rdtiEBC6znvGr5ep2TfeqI1JCC.jpg","[35, 18]","84341","en","Smashed","Kate and Charlie like to have a good time. Their marriage thrives on a shared fondness for music, laughter… and getting smashed. When Kate’s partying spirals into hard-core asocial behavior, compromising her job as an elementary schoolteacher, something’s got to give. But change isn’t exactly a cakewalk. Sobriety means she will have to confront the lies she’s been spinning at work, her troubling relationship with her mother, and the nature of her bond with Charlie.","7.189","/d4b2k3bB5C6AC9s3FFZhjZw7rB1.jpg","2012-01-22","Smashed","False","6.5","210"
"False","/n3pJwYuPnkw7JX7tOMbH0GRfBPn.jpg","[14, 16, 10751]","408","en","Snow White and the Seven Dwarfs","A beautiful girl, Snow White, takes refuge in the forest in the house of seven dwarfs to hide from her stepmother, the wicked Queen. The Queen is jealous because she wants to be known as ""the fairest in the land,"" and Snow White's beauty surpasses her own.","78.357","/9QKUh9UuIIT2ZA9Rby9R6vtNRKa.jpg","1937-12-21","Snow White and the Seven Dwarfs","False","7.1","6172"
"False","/ng6SSB3JhbcpKTwbPDsRwUYK8Cq.jpg","[28, 12, 878]","429617","en","Spider-Man: Far From Home","Peter Parker and his friends go on a summer trip to Europe. However, they will hardly be able to rest - Peter will have to agree to help Nick Fury uncover the mystery of creatures that cause natural disasters and destruction throughout the continent.","158.064","/4q2NNj4S5dG2RLF9CpXsej7yXl.jpg","2019-06-28","Spider-Man: Far From Home","False","7.5","12571"
"False","/ckCrunvxJ1SqL1w4goJGGGZ5PGP.jpg","[18, 80, 53]","616651","en","Stillwater","Bill Baker, an American oil-rig roughneck from Oklahoma, travels to Marseille to visit his estranged daughter, Allison, who is in prison for a murder she claims she did not commit. Confronted with language barriers, cultural differences, and a complicated legal system, Bill builds a new life for himself in France as he makes it his personal mission to exonerate his daughter.","36.93","/cPdmPwcIcmu0ugfKcdFtI3vmOJq.jpg","2021-07-29","Stillwater","False","6.8","606"
"False","","[80]","587248","en","Straight Out Of Compton","Four men learn that pulling one over on a gangster is both rewarding and potentially suicidal in this urban action-thriller. Hen (Ryan Combs) is a small-time crook who has just gotten out of jail and isn't interested in going back any time soon","0.84","/p7ZConWZIrQ4tenJqRpxqxaw65O.jpg","1999-05-01","Straight Out Of Compton","False","1","2"
"False","/lajJKmazOSfJ6kPXVFxjr0JBDf0.jpg","[18, 53]","64639","en","Straw Dogs","L.A. screenwriter David Sumner relocates with his wife, Amy, to her hometown in the deep South. There, while tensions build between them, a brewing conflict with locals becomes a threat to them both.","11.644","/hSW5Msz5Cr6vUQxChPSPdxufnss.jpg","2011-09-16","Straw Dogs","False","5.8","420"
"False","/qUHU6ugvkeAslMGkMyJTgfmPtf6.jpg","[18, 35, 10749]","49020","en","Submarine","15-year-old deep-thinking Welsh schoolboy Oliver Tate struggles to initiate and maintain a relationship with Jordana, his devilish, dark-haired classmate at their Swansea high school. As his parents' marriage begins to fall apart, similar problems arise in his relationship with Jordana.","8.393","/vmt5vG9dSmswmzHSYvn1S4Nl4uG.jpg","2011-03-18","Submarine","False","7.4","1185"
"False","/huoDY3oOfx3HKi68KL73kmKTm0v.jpg","[18]","30020","fa","طعم گيلاس","A middle-aged Tehranian man, Mr. Badii is intent on killing himself and seeks someone to bury him after his demise. Driving around the city, the seemingly well-to-do Badii meets with numerous people, including a Muslim student, asking them to take on the job, but initially he has little luck. Eventually, Badii finds a man who is up for the task because he needs the money, but his new associate soon tries to talk him out of committing suicide.","7.746","/vgPwjgbSdbYWrS1ty8TIZtmi6Tn.jpg","1997-09-28","Taste of Cherry","False","7.6","361"
"False","/3Skg7e94WFreLgQAR0PAYSk0Zv1.jpg","[10751, 12, 16, 18]","37135","en","Tarzan","Tarzan was a small orphan who was raised by an ape named Kala since he was a child. He believed that this was his family, but on an expedition Jane Porter is rescued by Tarzan. He then finds out that he's human. Now Tarzan must make the decision as to which family he should belong to...","81.477","/a0Syo09bmNJgehjfeVL6meR9Mjh.jpg","1999-06-18","Tarzan","False","7.4","5597"
"False","/zMEplqrRjoGEPfo0tl6TmzKDAik.jpg","[35, 14]","662612","xx","Vícios dos Tempos Modernos","A day in the life of a girl literally addicted to her cellphone.","0.6","/Ae5IbbJMOrx6yGTP0hRRzIqFmqW.jpg","2020-01-09","Modern Times Addictions","False","8","2"
"False","/1jLaJPdu7dMl0Nk3vLuafDx9PWS.jpg","[99]","123678","id","Jagal","In a place where killers are celebrated as heroes, these filmmakers challenge unrepentant death-squad leaders to dramatize their role in genocide. The result is a surreal, cinematic journey, not only into the memories and imaginations of mass murderers, but also into a frighteningly banal regime of corruption and impunity.","6.71","/wg9QERtcZTTcOu6La3nZCfJUMHG.jpg","2012-11-01","The Act of Killing","False","7.7","534"
"False","/xHrp2pq73oi9D64xigPjWW1wcz1.jpg","[80, 9648, 53]","414906","en","The Batman","In his second year of fighting crime, Batman uncovers corruption in Gotham City that connects to his own family while facing a serial killer known as the Riddler.","3419.546","/74xTEgt7R36Fpooo50r9T25onhq.jpg","2022-03-01","The Batman","False","7.8","4623"
"False","/i7UCf0ysjbYYaqcSKUox9BJz4Kp.jpg","[35, 18]","318846","en","The Big Short","The men who made millions from a global economic meltdown.","25.786","/isuQWbJPbjybBEWdcCaBUPmU0XO.jpg","2015-12-11","The Big Short","False","7.3","7430"
"False","/12RXkIWUXwOHXgAmlxJNIWRGrri.jpg","[35, 18, 37]","537996","en","The Ballad of Buster Scruggs","Vignettes weaving together the stories of six individuals in the old West at the end of the Civil War. Following the tales of a sharp-shooting songster, a wannabe bank robber, two weary traveling performers, a lone gold prospector, a woman traveling the West to an uncertain future, and a motley crew of strangers undertaking a carriage ride.","19.402","/voxl654m7p36y8FLu8oQD7dfwwK.jpg","2018-11-09","The Ballad of Buster Scruggs","False","7.1","3251"
"False","/57LEr2CScU29AwdaYg7OlUGBdR2.jpg","[18]","444539","en","The Bookshop","Set in a small English town in 1959, a woman decides, against polite but ruthless local opposition, to open a bookshop, a decision which becomes a political minefield.","10.719","/nh2ZpwuTKjY0tTGcsGu7TwOpT4p.jpg","2017-11-10","The Bookshop","False","6.5","340"
"False","/qU4HDNKv7gjdlvMu74r70rISPwn.jpg","[12, 16, 35, 10751]","10315","en","Fantastic Mr. Fox","The Fantastic Mr. Fox bored with his current life, plans a heist against the three local farmers. The farmers, tired of sharing their chickens with the sly fox, seek revenge against him and his family.","24.381","/euZyZb6iGreujYKrGyZHRddhUYh.jpg","2009-10-23","Fantastic Mr. Fox","False","7.8","4063"
"False","/5INPBiKVRsyp9kgHfsC0cTfvKFH.jpg","[35, 18]","565310","en","The Farewell","A headstrong Chinese-American woman returns to China when her beloved grandmother is given a terminal diagnosis. Billi struggles with her family's decision to keep grandma in the dark about her own illness as they all stage an impromptu wedding to see grandma one last time.","9.191","/7ht2IMGynDSVQGvAXhAb83DLET8.jpg","2019-07-12","The Farewell","False","7.5","1106"
"False","/6SP1bFfoXhW7Ni7fPw5GjY7ACBS.jpg","[18]","600354","en","The Father","A man refuses all assistance from his daughter as he ages and, as he tries to make sense of his changing circumstances, he begins to doubt his loved ones, his own mind and even the fabric of his reality.","19.871","/pr3bEQ517uMb5loLvjFQi8uLAsp.jpg","2020-12-23","The Father","False","8.2","2107"
"False","/KMjNmZ1DcUTiwpWT5Ul0IjA85m.jpg","[18, 53]","162903","en","The Fifth Estate","A look at the relationship between WikiLeaks founder Julian Assange and his early supporter and eventual colleague Daniel Domscheit-Berg, and how the website's growth and influence led to an irreparable rift between the two friends.","9.471","/1dzLHy1AN8hgppJp1LDzMI4fbHY.jpg","2013-10-11","The Fifth Estate","False","6","844"
"False","/cCyaG86vAhQQgtAJLBkio16HNvz.jpg","[28, 80, 53, 18]","446807","en","The Girl in the Spider's Web","In Stockholm, Sweden, hacker Lisbeth Salander is hired by Frans Balder, a computer engineer, to retrieve a program that he believes it is too dangerous to exist.","16.115","/w4ibr8R702DCjwYniry1D1XwQXj.jpg","2018-10-25","The Girl in the Spider's Web","False","6.1","1090"
"False","/5vPW6MPAyCFd84FEQQgtPDmVDPQ.jpg","[35, 18]","120467","en","The Grand Budapest Hotel","The Grand Budapest Hotel tells of a legendary concierge at a famous European hotel between the wars and his friendship with a young employee who becomes his trusted protégé. The story involves the theft and recovery of a priceless Renaissance painting, the battle for an enormous family fortune and the slow and then sudden upheavals that transformed Europe during the first half of the 20th century.","23.037","/eWdyYQreja6JGCzqHWXpWHDrrPo.jpg","2014-02-26","The Grand Budapest Hotel","False","8.1","12279"
"False","/lrNKm3HNvGdZoAfiBKu7b04FLHN.jpg","[18]","316029","en","The Greatest Showman","The story of American showman P.T. Barnum, founder of the circus that became the famous traveling Ringling Bros. and Barnum & Bailey Circus.","30.205","/b9CeobiihCx1uG1tpw8hXmpi7nm.jpg","2017-12-20","The Greatest Showman","False","7.9","8103"
"False","/hk4PwhKhT7q7jp1lvA8aiYqDluy.jpg","[16, 18, 35, 27]","926899","en","The House","Across different eras, a poor family, an anxious developer and a fed-up landlady become tied to the same mysterious house in this animated dark comedy.","381.489","/iZjMFSKCrleKolC1gYcz5Rs8bk1.jpg","2022-01-14","The House","False","7","594"
"False","/v0zhVgtqisaFsSVAOKxqwVOOlQr.jpg","[28, 18, 36]","617653","en","The Last Duel","King Charles VI declares that Knight Jean de Carrouges settle his dispute with his squire, Jacques Le Gris, by challenging him to a duel.","203.75","/zjrJE0fpzPvX8saJXj8VNfcjBoU.jpg","2021-10-13","The Last Duel","False","7.5","2109"
"False","/crlcda0f7SU3jyjpLMkE0FrkQe7.jpg","[80, 18, 9648, 53]","26331","en","The Last of Sheila","A year after Sheila is killed in a hit-and-run, her multimillionaire husband invites a group of friends to spend a week on his yacht playing a scavenger hunt-style mystery game. The game turns out to be all too real and all too deadly.","6.022","/bDPoCBb4mBudYSC4201aHrBZsSg.jpg","1973-06-14","The Last of Sheila","False","7","83"
"False","/tNE9HGcFOH8EpCmzO7XCYwqguI0.jpg","[18, 14, 53, 27]","503919","en","The Lighthouse","Two lighthouse keepers try to maintain their sanity while living on a remote and mysterious New England island in the 1890s.","31.55","/4SC4cyzHWWzDEdszdxHYPWd32YH.jpg","2019-10-18","The Lighthouse","False","7.5","3406"
"False","/q00H8EqULYSK74lgevMkhmGGLHn.jpg","[10751, 16, 18]","8587","en","The Lion King","A young lion prince is cast out of his pride by his cruel uncle, who claims he killed his father. While the uncle rules with an iron paw, the prince grows up beyond the Savannah, living by a philosophy: No worries for the rest of your days. But when his past comes to haunt him, the young prince must decide his fate: Will he remain an outcast or face his demons and become what he needs to be?","152.903","/sKCr78MXSLixwmZ8DyJLrpMsd15.jpg","1994-06-23","The Lion King","False","8.3","15292"
"False","/2ze42e0l0bPYEcJXInUukvNfZKk.jpg","[16, 10751, 14]","10144","en","The Little Mermaid","This colorful adventure tells the story of an impetuous mermaid princess named Ariel who falls in love with the very human Prince Eric and puts everything on the line for the chance to be with him. Memorable songs and characters -- including the villainous sea witch Ursula.","128.194","/9nJ9rm6RwYgIggnGVy8Dej4olef.jpg","1989-11-17","The Little Mermaid","False","7.4","6431"
"False","/9rm4TX4m6RHa5DbXDuRlVoawFU9.jpg","[80, 9648, 53]","1847","en","The Long Goodbye","Detective Philip Marlowe tries to help a friend who is accused of murdering his wife.","8.876","/oBhUK54yBJ0aH6u9zCzSV5iV7OP.jpg","1973-03-07","The Long Goodbye","False","7.5","413"
"False","/kWYfW2Re0rUDE6IHhy4CRuKWeFr.jpg","[12, 14, 28]","121","en","The Lord of the Rings: The Two Towers","Frodo and Sam are trekking to Mordor to destroy the One Ring of Power while Gimli, Legolas and Aragorn search for the orc-captured Merry and Pippin. All along, nefarious wizard Saruman awaits the Fellowship members at the Orthanc Tower in Isengard.","93.616","/5VTN0pR8gcqV3EPUHHfMGnJYN9L.jpg","2002-12-18","The Lord of the Rings: The Two Towers","False","8.4","18122"
"False","/yiVyfbUVi9GcRXOk2TfnKh28kqL.jpg","[99]","34576","en","The Most Dangerous Man in America: Daniel Ellsberg and the Pentagon Papers","""The Most Dangerous Man in America"" is the story of what happens when a former Pentagon insider, armed only with his conscience, steadfast determination, and a file cabinet full of classified documents, decides to challenge an ""Imperial"" Presidency-answerable to neither Congress, the press, nor the people-in order to help end the Vietnam War.","3.621","/br3NZWHBAETFmfIBk4o9rvhByKZ.jpg","2009-10-16","The Most Dangerous Man in America: Daniel Ellsberg and the Pentagon Papers","False","7.3","37"
"False","/qb6WoLJ9YtfhV7pgsTfUDlRYaCH.jpg","[18]","84892","en","The Perks of Being a Wallflower","Pittsburgh, Pennsylvania, 1991. High school freshman Charlie is a wallflower, always watching life from the sidelines, until two senior students, Sam and her stepbrother Patrick, become his mentors, helping him discover the joys of friendship, music and love.","28.061","/aKCvdFFF5n80P2VdS7d8YBwbCjh.jpg","2012-09-20","The Perks of Being a Wallflower","False","7.8","8946"
"False","/gAsHuCQMN7mv4uFIvM4ACQ09hPr.jpg","[18, 37]","600583","en","The Power of the Dog","A domineering but charismatic rancher wages a war of intimidation on his brother's new wife and her teen son, until long-hidden secrets come to light.","51.251","/kEy48iCzGnp0ao1cZbNeWR6yIhC.jpg","2021-11-17","The Power of the Dog","False","6.8","1775"
"False","/y5tad0a4yRbxYgOHGllEIEeCCKt.jpg","[10749, 10751, 16]","10198","en","The Princess and the Frog","A waitress, desperate to fulfill her dreams as a restaurant owner, is set on a journey to turn a frog prince back into a human being, but she has to face the same problem after she kisses him.","107.329","/yprv5PbnEksoVj2v6XEnDBg9joR.jpg","2009-12-08","The Princess and the Frog","False","7.1","4422"
"False","/dSlofjxxcTSLmnH6602WsSSELU5.jpg","[14, 10751, 16, 12]","11319","en","The Rescuers","What can two little mice possibly do to save an orphan girl who's fallen into evil hands? With a little cooperation and faith in oneself, anything is possible! As members of the mouse-run International Rescue Aid Society, Bernard and Miss Bianca respond to orphan Penny's call for help. The two mice search for clues with the help of an old cat named Rufus.","14.871","/gCJuDViPCEuHVmoZUvhOj1jyqfV.jpg","1977-06-22","The Rescuers","False","6.8","2057"
"False","/3uM41OT0RfBkE6Gb6U89LEskJBr.jpg","[37, 18, 12]","281957","en","The Revenant","In the 1820s, a frontiersman, Hugh Glass, sets out on a path of vengeance against those who left him for dead after a bear mauling.","71.551","/ji3ecJphATlVgWNY0B0RVXZizdf.jpg","2015-12-25","The Revenant","False","7.5","15787"
"False","/rfBUlspOpxPavxrhkhvzlBlwfD8.jpg","[80, 53, 27]","372343","en","The Snowman","Detective Harry Hole investigates the disappearance of a woman whose pink scarf is found wrapped around an ominous looking snowman.","16.64","/mKsQ8KMOk0VBX26Ev0Lj6EmfGJu.jpg","2017-10-12","The Snowman","False","5.2","1883"
"False","/x0SSdlFSaOA9cnb0FhYn9VGceL8.jpg","[35, 18, 10749]","157386","en","The Spectacular Now","Sutter, a popular party animal, unexpectedly meets the introverted Aimee after waking up on a stranger's lawn. As Sutter deals with the problems in his life and Aimee plans for her future beyond school, an unexpected romance blossoms between them.","22.265","/obDS8pTWVWZiNAaTyfIFWYZbRsZ.jpg","2013-08-02","The Spectacular Now","False","6.6","2492"
"False","/jlGmlFOcfo8n5tURmhC7YVd4Iyy.jpg","[28, 12, 14]","436969","en","The Suicide Squad","Supervillains Harley Quinn, Bloodsport, Peacemaker and a collection of nutty cons at Belle Reve prison join the super-secret, super-shady Task Force X as they are dropped off at the remote, enemy-infused island of Corto Maltese.","289.434","/kb4s0ML0iVZlG6wAKbbs9NAm6X.jpg","2021-07-28","The Suicide Squad","False","7.7","6140"
"False","/aj02AhFaRsAqtFtjbythaIwGvx4.jpg","[18]","727293","en","The Tender Bar","J.R. is a fatherless boy growing up in the glow of a bar where the bartender, his Uncle Charlie, is the sharpest and most colorful of an assortment of quirky and demonstrative father figures. As the boy’s determined mother struggles to provide her son with opportunities denied to her — and leave the dilapidated home of her outrageous if begrudgingly supportive father — J.R. begins to gamely, if not always gracefully, pursue his romantic and professional dreams, with one foot persistently placed in Uncle Charlie’s bar.","43.092","/m6Ej3F4tYTOHD26fvX1zN9bcEUg.jpg","2021-12-17","The Tender Bar","False","6.7","317"
"False","/umvgkmn3k7Ac3E74IlhCGQpoqgS.jpg","[16, 18, 35]","9662","fr","Les Triplettes de Belleville","When her grandson is kidnapped during the Tour de France, Madame Souza and her beloved pooch Bruno team up with the Belleville Sisters—an aged song-and-dance team from the days of Fred Astaire—to rescue him.","9.601","/flHYQswYEIvBL2QsQLEJJzTJDyS.jpg","2003-06-11","The Triplets of Belleville","False","7.4","728"
"False","/7S7PE3vK9Eh5uzCYBDGk5qTJeYW.jpg","[18, 80, 53]","629","en","The Usual Suspects","Held in an L.A. interrogation room, Verbal Kint attempts to convince the feds that a mythic crime lord, Keyser Soze, not only exists, but was also responsible for drawing him and his four partners into a multi-million dollar heist that ended with an explosion in San Pedro harbor – leaving few survivors. Verbal lures his interrogators with an incredible story of the crime lord's almost supernatural prowess.","18.588","/bUPmtQzrRhzqYySeiMpv7GurAfm.jpg","1995-07-19","The Usual Suspects","False","8.2","8564"
"False","/EkVL43L6T6cid6cVTejF8xzaNE.jpg","[878]","619263","en","The Wave","A man on the verge of a promotion takes a mysterious hallucinogenic drug that begins to tear down his reality and expose his life for what it really is.","7.176","/rWFHGTfCOzMphfJW3DPdfbq7Vyp.jpg","2019-09-21","The Wave","False","5.9","83"
"False","/bPm5kQLlc2KypdYkUxGbrGfLJ82.jpg","[35, 18]","147773","en","The Way Way Back","Shy 14-year-old Duncan goes on summer vacation with his mother, her overbearing boyfriend, and her boyfriend's daughter. Having a rough time fitting in, Duncan finds an unexpected friend in Owen, manager of the Water Wizz water park.","13.735","/bHoQ0xjDJ5sJZNca7QyFa6ZeXxg.jpg","2013-06-06","The Way Way Back","False","7.1","1440"
"False","/6G2fLCVm9fiLyHvBrccq6GSe2ih.jpg","[28, 12, 14, 878]","284053","en","Thor: Ragnarok","Thor is imprisoned on the other side of the universe and finds himself in a race against time to get back to Asgard to stop Ragnarok, the destruction of his home-world and the end of Asgardian civilization, at the hands of a powerful new threat, the ruthless Hela.","149.822","/rzRwTcFvttcN1ZpX2xv4j3tSdJu.jpg","2017-10-24","Thor: Ragnarok","False","7.6","17626"
"False","/5g0W5MUP75zyfluLhhVet15F71z.jpg","[80, 18]","359940","en","Three Billboards Outside Ebbing, Missouri","After seven months have passed without a culprit in her daughter's murder case, Mildred Hayes makes a bold move, painting three signs leading into her town with a controversial message directed at Bill Willoughby, the town's revered chief of police. When his second-in-command Officer Jason Dixon, an immature mother's boy with a penchant for violence, gets involved, the battle between Mildred and Ebbing's law enforcement is only exacerbated.","17.897","/vgvw6w1CtcFkuXXn004S5wQsHRl.jpg","2017-12-01","Three Billboards Outside Ebbing, Missouri","False","8.1","8512"
"False","/t0BuUCkwoa3NrriHQdGOnCBSOdK.jpg","[18]","537116","en","tick, tick... BOOM!","On the cusp of his 30th birthday, Jonathon Larson, a promising young theater composer, navigates love, friendship, and the pressures of life as an artist in New York City.","42.719","/DPmfcuR8fh8ROYXgdjrAjSGA0o.jpg","2021-11-11","tick, tick... BOOM!","False","7.8","1364"
"False","/fQa5N0VPtHwMAuYAg0999gJtT2q.jpg","[18]","65229","fr","Tomboy","A French family moves to a new neighborhood with during the summer holidays. The story follows a 10-year-old gender non-conforming child, Laure, who experiments with their gender presentation, adopting the name Mikäel.","10.427","/ogBGBOhq6vozE5rqETFBcZWFXmd.jpg","2011-04-20","Tomboy","False","7.3","547"
"False","/fVpFOcQyHJM2di9upgSIwWD5wac.jpg","[28, 27, 53]","396535","ko","부산행","Martial law is declared when a mysterious viral outbreak pushes Korea into a state of emergency. Those on an express train to Busan, a city that has successfully fended off the viral outbreak, must fight for their own survival…","93.424","/3H1WFCuxyNRP35oiL2qqwhAXxc0.jpg","2016-07-20","Train to Busan","False","7.8","5659"
"False","/e9GbzPawXDFvLwSseCXpHkbCyAP.jpg","[18, 80]","627","en","Trainspotting","Heroin addict Mark Renton stumbles through bad ideas and sobriety attempts with his unreliable friends -- Sick Boy, Begbie, Spud and Tommy. He also has an underage girlfriend, Diane, along for the ride. After cleaning up and moving from Edinburgh to London, Mark finds he can't escape the life he left behind when Begbie shows up at his front door on the lam, and a scheming Sick Boy follows.","18.574","/bhY62Dw8iW54DIhxPQerbuB9DOP.jpg","1996-02-23","Trainspotting","False","8","8169"
"False","/A0vAcnqEMG3OjFKShNqru76IpGy.jpg","[18]","546","en","Transamerica","Bree is about to get a sex reassignment surgery that will finally allow her to actually be what she’s already been in her mind for a long time: a transitioned woman. Yet before this happens she suddenly runs into her son who ends up coming for the trip across the United States.","8.62","/s1ctu6p0nYJ29OqOEIGrIMRYQIu.jpg","2005-12-23","Transamerica","False","7.1","373"
"False","/iqrjewqeGYVrjxkVmmlL6DcgBT9.jpg","[80, 18, 53]","44945","en","Trust","A suburban family is torn apart when fourteen-year-old Annie meets her first boyfriend online. After months of communicating via online chat and phone, Annie discovers her friend is not who he originally claimed to be. Shocked into disbelief, her parents are shattered by their daughter's actions and struggle to support her as she comes to terms with what has happened to her once innocent life.","8.571","/gAU4c6rJ5fjhSfWfcinUi1HhFI9.jpg","2010-09-10","Trust","False","6.6","786"
"False","/phv4nTeSViYfabikRB6oVjceIbG.jpg","[35, 27]","46838","en","Tucker and Dale vs. Evil","Two hillbillies are suspected of being killers by a group of paranoid college kids camping near the duo's West Virginian cabin. As the body count climbs, so does the fear and confusion as the college kids try to seek revenge against the pair.","10.206","/8shwLEDzajJGSfLgbpac8x8xn1U.jpg","2010-01-22","Tucker and Dale vs. Evil","False","7.4","2164"
"False","/cC4Gtc5mEMV23aPWptM3rZ19nwB.jpg","[18, 10749]","76543","en","Tyrannosaur","The story of Joseph, a man plagued by violence and a rage that is driving him to self-destruction. As Joseph's life spirals into turmoil a chance of redemption appears in the form of Hannah, a Christian charity shop worker. Their relationship develops to reveal that Hannah is hiding a secret of her own with devastating results on both of their lives.","9.685","/p6PJGuO6K94YylUcAsTTn7Q4cQn.jpg","2011-10-07","Tyrannosaur","False","7.2","347"
"False","/hIZrdvAfH74H3vxrE3s40kOrS96.jpg","[28, 53, 14]","752","en","V for Vendetta","In a world in which Great Britain has become a fascist state, a masked vigilante known only as “V” conducts guerrilla warfare against the oppressive British government. When V rescues a young woman from the secret police, he finds in her an ally with whom he can continue his fight to free the people of Britain.","25.658","/2ySXWBckQboalTZjhaLWRqc3gCN.jpg","2006-02-23","V for Vendetta","False","7.9","12209"
"False","/5rYnygKCkmqWuMv1O5yAnzGF8gV.jpg","[12, 878, 28]","339964","en","Valerian and the City of a Thousand Planets","In the 28th century, Valerian and Laureline are special operatives charged with keeping order throughout the human territories. On assignment from the Minister of Defense, the two undertake a mission to Alpha, an ever-expanding metropolis where species from across the universe have converged over centuries to share knowledge, intelligence, and cultures. At the center of Alpha is a mysterious dark force which threatens the peaceful existence of the City of a Thousand Planets, and Valerian and Laureline must race to identify the menace and safeguard not just Alpha, but the future of the universe.","42.585","/jfIpMh79fGRqYJ6PwZLCntzgxlF.jpg","2017-07-20","Valerian and the City of a Thousand Planets","False","6.6","6365"
"False","/llXsPTScDIdQjgsescQyKaIZA6l.jpg","[18]","32636","en","Vanya on 42nd Street","An uninterrupted rehearsal of Chekhov's 1899 play ""Uncle Vanya"" played out by a company of actors. The setting is their run down theater with an unusable stage and crumbling ceiling. The play is shown act by act with the briefest of breaks to move props or for refreshments. The lack of costumes, real props and scenery is soon forgotten.","5.063","/sYkkHsqXyUcFoLbXt4WNwnRRpT1.jpg","1994-10-19","Vanya on 42nd Street","False","6.8","54"
"False","/qBwWtE0T5jwXeWLDeg5d0cEpL5H.jpg","[18]","76025","en","Shame","Brandon, a thirty-something man living in New York, eludes intimacy with women but feeds his deepest desires with a compulsive addiction to sex. When his younger sister temporarily moves into his apartment, stirring up bitter memories of their shared painful past, Brandon's life, like his fragile mind, gets out of control.","20.196","/cAWLz9kFv4xc6IsEXTj2DrcqD55.jpg","2011-10-02","Shame","False","7","2595"
"False","/oTclC89GNdGQ25XjowvMlCpLyMi.jpg","[18, 16, 10752, 99]","8885","he","Vals Im Bashir","An Israeli film director interviews fellow veterans of the 1982 invasion of Lebanon to reconstruct his own memories of his term of service in that conflict.","5.603","/zQaCv7lKwHsh0YSHkt1QNjIOZ1c.jpg","2008-06-12","Waltz with Bashir","False","7.7","774"
"False","/dH7ia3vtkYCa3CBvDnvVjqm9uiQ.jpg","[28, 9648, 878]","13183","en","Watchmen","In a gritty and alternate 1985 the glory days of costumed vigilantes have been brought to a close by a government crackdown, but after one of the masked veterans is brutally murdered, an investigation into the killer is initiated. The reunited heroes set out to prevent their own destruction, but in doing so uncover a sinister plot that puts all of humanity in grave danger.","32.668","/aZvOkdo203bm1kpcY0A0Tn074ER.jpg","2009-03-04","Watchmen","False","7.3","7618"
"False","/tWcZTx3yyFuHruBf4p0w7lDGc7i.jpg","[99]","97690","en","We Are Legion: The Story of the Hacktivists","Takes us inside the world of Anonymous, the radical ""hacktivist"" collective that has redefined civil disobedience for the digital age. The film explores early hacktivist groups like Cult of the Dead Cow and Electronic Disturbance Theater, then moves to Anonymous' raucous beginnings on the website 4chan.  Through interviews with current members, people recently returned from prison or facing trial, writers, academics, activists and major players in various ""raids,"" the documentary traces Anonymous’ evolution from merry pranksters to a full-blown movement with a global reach, the most transformative civil disobedience of our time.","9.152","/ji1fJ4NIoDrNUkBJ4JQP8lD3I9x.jpg","2012-01-20","We Are Legion: The Story of the Hacktivists","False","7.2","270"
"False","/k7lwdrpZ92BDahx6TLdkPE65cpJ.jpg","[18, 53]","71859","en","We Need to Talk About Kevin","After her son Kevin commits a horrific act, troubled mother Eva reflects on her complicated relationship with her disturbed son as he grew from a toddler into a teenager.","15.66","/auAmiRmbBQ5QIYGpWgcGBoBQY3b.jpg","2011-09-28","We Need to Talk About Kevin","False","7.6","2246"
"False","","[99]","734593","bn","Where is the Friend's Home","Two children play in the rain as the director watch from above in this tribute to Iranian maestro Abbas Kiarostami. The window blinds masterfully appear like the insides of one’s eyelids. Mahde's discontent with the colour his digital camera produces led him to shoot this in black and white like many of his other works. The film won the first prize in the Movie of My Life section at the 70th Locarno Film Festival.","0.6","/nIcAuV44LLYe3E4zpcMsqoDpF6h.jpg","2017-08-02","Where is the Friend's Home","False","0","0"
"False","/fRGxZuo7jJUWQsVg9PREb98Aclp.jpg","[18, 10402]","244786","en","Whiplash","Under the direction of a ruthless instructor, a talented young drummer begins to pursue perfection at any cost, even his humanity.","43.601","/6uSPcdGNA2A6vJmCagXkvnutegs.jpg","2014-10-10","Whiplash","False","8.4","12170"
"False","/du0zunHPR3uAT2hTyqPKL1jIbtH.jpg","[18]","39013","en","Winter's Bone","17 year-old Ree Dolly sets out to track down her father, who put their house up for his bail bond and then disappeared. If she fails, Ree and her family will be turned out into the Ozark woods. Challenging her outlaw kin's code of silence and risking her life, Ree hacks through the lies, evasions and threats offered up by her relatives and begins to piece together the truth.","10.642","/a0qhPkNlxLfsf5B2jFyI1Pp04XV.jpg","2010-06-11","Winter's Bone","False","6.8","1406"
"False","/yzpCv8CCWondN7O5au1KGiqnC3A.jpg","[28, 12, 14]","464052","en","Wonder Woman 1984","A botched store robbery places Wonder Woman in a global battle against a powerful and mysterious ancient force that puts her powers in jeopardy.","164.338","/8UlWHLMpgZm9bx6QYh0NFoq67TZ.jpg","2020-12-16","Wonder Woman 1984","False","6.6","6768"
"False","/jEYnD85A0eelPKLRNDkpdM4ixhI.jpg","[18]","11148","es","XXY","Alex, an intersexed 15-year-old, is living as a girl, but she and her family begin to wonder whether she's emotionally a boy when another teenager's sexual advances bring the issue to a head. As Alex faces a final decision regarding her gender, she meets both hostility and compassion.","9.379","/4sgoignnXhqjxepHBi2inLFLhSz.jpg","2007-06-14","XXY","False","6.8","232"
"False","/zd7mu6dJKxkVtBdXqlEQ9W3msKl.jpg","[18, 53]","11878","ja","用心棒","A nameless ronin, or samurai with no master, enters a small village in feudal Japan where two rival businessmen are struggling for control of the local gambling trade. Taking the name Sanjuro Kuwabatake, the ronin convinces both silk merchant Tazaemon and sake merchant Tokuemon to hire him as a personal bodyguard, then artfully sets in motion a full-scale gang war between the two ambitious and unscrupulous men.","11.683","/tN7kYPjRhDolpui9sc9Eq9n5b2O.jpg","1961-04-25","Yojimbo","False","8.2","1046"
"False","/sTp8K0SfcC2RQef1Tu160z3niHO.jpg","[18, 35, 10752]","935","en","Dr. Strangelove or: How I Learned to Stop Worrying and Love the Bomb","After the insane General Jack D. Ripper initiates a nuclear strike on the Soviet Union, a war room full of politicians, generals and a Russian diplomat all frantically try to stop the nuclear strike.","24.812","/3clod4q8qkgU7pyOmZ7Re0G7GDc.jpg","1964-01-29","Dr. Strangelove or: How I Learned to Stop Worrying and Love the Bomb","False","8.1","4482"
"False","/78F8cn6EXum1zpukF3HTNI8W0EA.jpg","[16, 18, 35]","13398","ja","東京ゴッドファーザーズ","During a Christmas Eve in Tokyo, three homeless people, middle-aged alcoholic Gin, former drag queen Hana, and dependent runaway girl Miyuki, discover an abandoned newborn while looking through the garbage. With only a handful of clues to the baby's identity, the three misfits search the city to find its parents.","9.268","/ukhvxpVcBsb1MpRRwiqEIwyKdUX.jpg","2003-12-29","Tokyo Godfathers","False","7.9","820"
"False","/pe2APM7NsJXfNRfq2cUWdc0dRbQ.jpg","[35, 18, 10752]","789","cs","Ostře sledované vlaky","At a village railway station in occupied Czechoslovakia, a bumbling dispatcher’s apprentice longs to liberate himself from his virginity. Oblivious to the war and the resistance that surrounds him, this young man embarks on a journey of sexual awakening and self-discovery, encountering a universe of frustration, eroticism, and adventure within his sleepy backwater depot.","7.836","/hW4wTvePR6mz3mg8ooCtHuZOUSj.jpg","1966-11-18","Closely Watched Trains","False","7.4","165"
"adult","backdrop_path","genre_ids","id","original_language","original_title","overview","popularity","poster_path","release_date","title","video","vote_average","vote_count"
"False","/icvgQHxrKEDx92VQ5WHiEmEAUKH.jpg","[53, 27, 878]","11336","en","The Dead Zone","Johnny Smith is a schoolteacher with his whole life ahead of him but, after leaving his fiancee's home one night, is involved in a car crash which leaves him in a coma for 5 years. When he wakes, he discovers he has an ability to see into the past, present and future life of anyone with whom he comes into physical contact.","9.561","/9yTVaeS8eIkOpbwIycVFm7EQrgF.jpg","1983-10-21","The Dead Zone","False","7","1195"
"adult","backdrop_path","genre_ids","id","original_language","original_title","overview","popularity","poster_path","release_date","title","video","vote_average","vote_count"
"False","/icvgQHxrKEDx92VQ5WHiEmEAUKH.jpg","[53, 27, 878]","11336","en","The Dead Zone","Johnny Smith is a schoolteacher with his whole life ahead of him but, after leaving his fiancee's home one night, is involved in a car crash which leaves him in a coma for 5 years. When he wakes, he discovers he has an ability to see into the past, present and future life of anyone with whom he comes into physical contact.","9.561","/9yTVaeS8eIkOpbwIycVFm7EQrgF.jpg","1983-10-21","The Dead Zone","False","7","1195"
"False","/jj9uuzvv3mtpJZTwlZX5HnMkhl5.jpg","[80, 18, 10749]","23954","en","Atlantic City","In a corrupt city, a small-time gangster and the estranged wife of a pot dealer find themselves thrown together in an escapade of love, money, drugs and danger.","7.729","/emZLwACcXh4FHAWWkpYb9lsC0Q2.jpg","1980-09-03","Atlantic City","False","6.9","183"
"False","/iQFcwSGbZXMkeyKrxbPnwnRo5fl.jpg","[28, 12, 878]","634649","en","Spider-Man: No Way Home","Peter Parker is unmasked and no longer able to separate his normal life from the high-stakes of being a super-hero. When he asks for help from Doctor Strange the stakes become even more dangerous, forcing him to discover what it truly means to be Spider-Man.","2676.693","/1g0dhYtq4irTY1GPXvft6k4YLjm.jpg","2021-12-15","Spider-Man: No Way Home","False","8.1","12901"
"False","/aycVJuqlxHSNfxHfTftuklLpjUC.jpg","[18, 35]","437586","en","mid90s","Stevie is a sweet 13-year-old about to explode. His mom is loving and attentive, but a little too forthcoming about her romantic life. His big brother is a taciturn and violent bully. So Stevie searches his working-class Los Angeles suburb for somewhere to belong. He finds it at the Motor Avenue skate shop.","11.131","/9Tw0Y3DK5kGIU9X1yw3Q9gCkOlb.jpg","2018-10-19","mid90s","False","7.5","1170"
